Region,Under5years,5to9years,10to14years,15to19years,20to24years,25to29years,30to34years,35to39years,40to44years,45to49years,50to54years,55to59years,60to64years,65to69years,70to74years,75to79years,80to84years,85yearsandover,Medianage(years),Sexratio(malesper100females),Agedependencyratio,Old-agedependencyratio,Childdependencyratio,Adults
AlabamaTotal,"286,597","294,475","317,645","326,671","317,739","325,338","312,065","307,138","298,601","305,229","304,162","321,296","331,917","274,325","231,232","156,756","107,315","84,684",39.4,93.5,65.5,28.8,36.6,"3,817,588"
AlabamaMale,"145,128","148,829","166,244","164,949","158,255","162,250","154,389","156,135","137,487","147,542","145,827","148,502","161,031","126,212","106,285","69,081","43,194","28,271",37.7,,,,,"1,812,854"
AlabamaPercentMale,6.10%,6.30%,7.00%,7.00%,6.70%,6.80%,6.50%,6.60%,5.80%,6.20%,6.20%,6.30%,6.80%,5.30%,4.50%,2.90%,1.80%,1.20%,,,,,,76.50%
AlabamaFemale,"141,469","145,646","151,401","161,722","159,484","163,088","157,676","151,003","161,114","157,687","158,335","172,794","170,886","148,113","124,947","87,675","64,121","56,413",41.1,,,,,"2,004,734"
AlabamaPercentFemale,5.60%,5.70%,6.00%,6.40%,6.30%,6.40%,6.20%,6.00%,6.40%,6.20%,6.20%,6.80%,6.70%,5.80%,4.90%,3.50%,2.50%,2.20%,,,,,,79.10%
AlaskaTotal,"50,891","52,692","49,737","46,531","47,636","60,357","57,621","49,093","43,942","42,772","44,915","48,858","45,912","35,953","25,705","14,030","8,235","6,665",35,108.4,58.6,19.6,39,"551,796"
AlaskaMale,"24,910","28,292","25,256","25,866","27,443","31,790","30,493","25,395","21,858","22,182","23,796","25,587","22,772","19,013","12,902","6,114","4,165","2,599",34.3,,,,,"287,256"
AlaskaPercentMale,6.50%,7.40%,6.60%,6.80%,7.20%,8.40%,8.00%,6.70%,5.70%,5.80%,6.30%,6.70%,6.00%,5.00%,3.40%,1.60%,1.10%,0.70%,,,,,,75.50%
AlaskaFemale,"25,981","24,400","24,481","20,665","20,193","28,567","27,128","23,698","22,084","20,590","21,119","23,271","23,140","16,940","12,803","7,916","4,070","4,066",36,,,,,"264,540"
AlaskaPercentFemale,7.40%,6.90%,7.00%,5.90%,5.80%,8.10%,7.70%,6.70%,6.30%,5.90%,6.00%,6.60%,6.60%,4.80%,3.60%,2.30%,1.20%,1.20%,,,,,,75.30%
ArizonaTotal,"427,707","445,512","486,413","483,546","490,999","524,185","477,409","457,525","441,008","433,492","419,589","445,006","439,085","399,593","352,238","257,211","167,394","130,805",38.3,99,68,30.2,37.9,"5,639,069"
ArizonaMale,"218,809","222,249","253,771","248,238","254,402","271,919","248,177","234,308","221,227","214,259","209,415","213,300","209,374","185,681","164,535","121,384","76,719","53,168",36.9,,,,,"2,782,081"
ArizonaPercentMale,6.00%,6.10%,7.00%,6.90%,7.00%,7.50%,6.90%,6.50%,6.10%,5.90%,5.80%,5.90%,5.80%,5.10%,4.50%,3.40%,2.10%,1.50%,,,,,,76.80%
ArizonaFemale,"208,898","223,263","232,642","235,308","236,597","252,266","229,232","223,217","219,781","219,233","210,174","231,706","229,711","213,912","187,703","135,827","90,675","77,637",39.7,,,,,"2,856,988"
ArizonaPercentFemale,5.70%,6.10%,6.40%,6.40%,6.50%,6.90%,6.30%,6.10%,6.00%,6.00%,5.70%,6.30%,6.30%,5.80%,5.10%,3.70%,2.50%,2.10%,,,,,,78.10%
ArkansasTotal,"183,327","192,289","202,376","205,446","197,910","200,273","186,329","190,582","186,602","183,391","178,993","192,477","193,572","164,385","139,037","99,719","62,524","58,572",38.8,95.6,68.2,29.2,39,"2,318,792"
ArkansasMale,"91,096","97,960","104,390","104,991","100,751","100,712","90,899","93,082","93,698","90,903","88,347","95,757","90,114","77,317","62,866","47,817","24,834","19,171",37.7,,,,,"1,119,340"
ArkansasPercentMale,6.20%,6.60%,7.10%,7.10%,6.80%,6.80%,6.20%,6.30%,6.40%,6.20%,6.00%,6.50%,6.10%,5.20%,4.30%,3.20%,1.70%,1.30%,,,,,,75.90%
ArkansasFemale,"92,231","94,329","97,986","100,455","97,159","99,561","95,430","97,500","92,904","92,488","90,646","96,720","103,458","87,068","76,171","51,902","37,690","39,401",39.8,,,,,"1,199,452"
ArkansasPercentFemale,6.00%,6.10%,6.30%,6.50%,6.30%,6.50%,6.20%,6.30%,6.00%,6.00%,5.90%,6.30%,6.70%,5.60%,4.90%,3.40%,2.40%,2.60%,,,,,,77.70%
CaliforniaTotal,"2,377,839","2,380,762","2,629,510","2,547,449","2,638,791","3,085,132","2,950,920","2,764,917","2,533,994","2,512,971","2,461,846","2,461,936","2,331,158","1,868,922","1,522,934","1,022,127","703,715","717,300",37,98.8,59.4,23.5,35.9,"30,621,159"
CaliforniaMale,"1,215,418","1,209,648","1,350,641","1,295,491","1,360,772","1,596,197","1,520,141","1,412,165","1,270,506","1,248,279","1,228,836","1,210,219","1,122,638","881,663","695,971","460,424","294,548","267,237",35.9,,,,,"15,100,913"
CaliforniaPercentMale,6.20%,6.20%,6.90%,6.60%,6.90%,8.10%,7.70%,7.20%,6.50%,6.40%,6.30%,6.20%,5.70%,4.50%,3.50%,2.30%,1.50%,1.40%,,,,,,76.90%
CaliforniaFemale,"1,162,421","1,171,114","1,278,869","1,251,958","1,278,019","1,488,935","1,430,779","1,352,752","1,263,488","1,264,692","1,233,010","1,251,717","1,208,520","987,259","826,963","561,703","409,167","450,063",38.2,,,,,"15,520,246"
CaliforniaPercentFemale,5.80%,5.90%,6.40%,6.30%,6.40%,7.50%,7.20%,6.80%,6.40%,6.40%,6.20%,6.30%,6.10%,5.00%,4.20%,2.80%,2.10%,2.30%,,,,,,78.10%
ColoradoTotal,"327,302","344,202","366,422","365,529","380,338","459,622","448,005","432,098","373,208","365,341","339,451","357,955","353,885","294,456","230,513","143,127","88,708","88,574",37.1,101.8,57.5,23.1,34.4,"4,502,416"
ColoradoMale,"167,191","174,961","190,401","190,236","199,410","240,214","235,003","222,344","191,986","187,535","169,918","175,940","173,304","140,391","109,659","64,661","38,313","33,488",36.2,,,,,"2,259,424"
ColoradoPercentMale,5.80%,6.00%,6.60%,6.50%,6.90%,8.30%,8.10%,7.70%,6.60%,6.50%,5.80%,6.10%,6.00%,4.80%,3.80%,2.20%,1.30%,1.20%,,,,,,77.80%
ColoradoFemale,"160,111","169,241","176,021","175,293","180,928","219,408","213,002","209,754","181,222","177,806","169,533","182,015","180,581","154,065","120,854","78,466","50,395","55,086",38.2,,,,,"2,242,992"
ColoradoPercentFemale,5.60%,5.90%,6.20%,6.10%,6.30%,7.70%,7.50%,7.40%,6.40%,6.20%,5.90%,6.40%,6.30%,5.40%,4.20%,2.70%,1.80%,1.90%,,,,,,78.60%
ConnecticutTotal,"180,598","193,466","216,194","238,670","239,939","222,301","222,208","216,558","210,409","228,325","252,240","258,972","256,375","197,996","154,563","111,273","76,677","88,523",41.2,95.7,61.4,28.5,32.9,"2,837,855"
ConnecticutMale,"93,068","97,556","111,917","122,297","123,668","114,817","112,389","105,144","106,197","109,763","121,294","127,314","122,726","93,915","70,638","49,815","30,580","30,679",39.6,,,,,"1,370,524"
ConnecticutPercentMale,5.30%,5.60%,6.40%,7.00%,7.10%,6.60%,6.40%,6.00%,6.10%,6.30%,7.00%,7.30%,7.00%,5.40%,4.10%,2.90%,1.80%,1.80%,,,,,,78.60%
ConnecticutFemale,"87,530","95,910","104,277","116,373","116,271","107,484","109,819","111,414","104,212","118,562","130,946","131,658","133,649","104,081","83,925","61,458","46,097","57,844",42.9,,,,,"1,467,331"
ConnecticutPercentFemale,4.80%,5.30%,5.70%,6.40%,6.40%,5.90%,6.00%,6.10%,5.70%,6.50%,7.20%,7.20%,7.30%,5.70%,4.60%,3.40%,2.50%,3.20%,,,,,,80.60%
DelawareTotal,"54,261","54,150","59,911","60,766","57,365","65,209","63,203","56,028","57,676","58,271","60,399","66,092","70,795","59,838","53,009","35,476","22,515","18,800",41.4,93.4,67.8,32.7,35.2,"769,818"
DelawareMale,"27,270","28,046","29,794","30,828","28,614","33,345","31,206","28,520","27,030","28,642","28,079","32,138","31,608","27,383","24,499","17,001","9,271","7,014",39.5,,,,,"366,941"
DelawarePercentMale,5.80%,6.00%,6.30%,6.60%,6.10%,7.10%,6.60%,6.10%,5.70%,6.10%,6.00%,6.80%,6.70%,5.80%,5.20%,3.60%,2.00%,1.50%,,,,,,78.00%
DelawareFemale,"26,991","26,104","30,117","29,938","28,751","31,864","31,997","27,508","30,646","29,629","32,320","33,954","39,187","32,455","28,510","18,475","13,244","11,786",43.3,,,,,"402,877"
DelawarePercentFemale,5.40%,5.20%,6.00%,5.90%,5.70%,6.30%,6.40%,5.50%,6.10%,5.90%,6.40%,6.70%,7.80%,6.40%,5.70%,3.70%,2.60%,2.30%,,,,,,80.00%
DistrictofColumbiaTotal,"45,263","35,558","31,821","37,751","50,211","82,476","81,899","61,184","47,721","38,495","35,998","37,365","32,470","30,878","19,709","14,983","10,656","11,311",34.3,90,43.9,17.9,26.1,"577,848"
DistrictofColumbiaMale,"23,038","18,151","15,902","17,128","23,184","38,139","39,218","30,309","23,191","19,190","17,841","18,436","14,577","13,914","7,979","7,020","3,665","3,473",34,,,,,"269,578"
DistrictofColumbiaPercentMale,6.90%,5.40%,4.80%,5.10%,6.90%,11.40%,11.70%,9.10%,6.90%,5.70%,5.30%,5.50%,4.40%,4.20%,2.40%,2.10%,1.10%,1.00%,,,,,,80.60%
DistrictofColumbiaFemale,"22,225","17,407","15,919","20,623","27,027","44,337","42,681","30,875","24,530","19,305","18,157","18,929","17,893","16,964","11,730","7,963","6,991","7,838",34.5,,,,,"308,270"
DistrictofColumbiaPercentFemale,6.00%,4.70%,4.30%,5.60%,7.30%,11.90%,11.50%,8.30%,6.60%,5.20%,4.90%,5.10%,4.80%,4.60%,3.20%,2.10%,1.90%,2.10%,,,,,,83.00%
FloridaTotal,"1,131,148","1,123,648","1,258,247","1,213,809","1,266,383","1,396,238","1,371,822","1,340,665","1,271,585","1,344,652","1,363,582","1,475,419","1,422,341","1,311,397","1,151,686","887,311","586,739","561,065",42.4,95.6,68.5,35.3,33.2,"17,245,782"
FloridaMale,"579,220","567,960","651,302","616,721","646,966","710,125","697,800","678,995","620,639","661,295","665,060","702,713","671,834","603,269","533,279","415,751","258,133","216,943",40.7,,,,,"8,334,993"
FloridaPercentMale,5.50%,5.40%,6.20%,5.90%,6.20%,6.80%,6.60%,6.50%,5.90%,6.30%,6.30%,6.70%,6.40%,5.70%,5.10%,4.00%,2.50%,2.10%,,,,,,79.40%
FloridaFemale,"551,928","555,688","606,945","597,088","619,417","686,113","674,022","661,670","650,946","683,357","698,522","772,706","750,507","708,128","618,407","471,560","328,606","344,122",44.1,,,,,"8,910,789"
FloridaPercentFemale,5.00%,5.10%,5.50%,5.40%,5.60%,6.20%,6.10%,6.00%,5.90%,6.20%,6.40%,7.00%,6.80%,6.40%,5.60%,4.30%,3.00%,3.10%,,,,,,81.20%
GeorgiaTotal,"639,713","678,013","758,925","746,150","714,400","750,041","708,555","713,413","688,521","705,423","691,591","685,356","614,130","521,959","411,763","277,818","167,072","144,580",37.2,94.9,61.1,23.1,38,"8,114,394"
GeorgiaMale,"331,929","346,749","388,814","383,307","366,542","374,776","344,594","341,851","336,067","339,409","336,595","328,928","288,167","237,838","184,363","123,124","65,568","51,505",35.7,,,,,"3,879,247"
GeorgiaPercentMale,6.40%,6.70%,7.50%,7.40%,7.10%,7.20%,6.70%,6.60%,6.50%,6.60%,6.50%,6.40%,5.60%,4.60%,3.60%,2.40%,1.30%,1.00%,,,,,,75.00%
GeorgiaFemale,"307,784","331,264","370,111","362,843","347,858","375,265","363,961","371,562","352,454","366,014","354,996","356,428","325,963","284,121","227,400","154,694","101,504","93,075",38.6,,,,,"4,235,147"
GeorgiaPercentFemale,5.70%,6.10%,6.80%,6.70%,6.40%,6.90%,6.70%,6.80%,6.50%,6.70%,6.50%,6.50%,6.00%,5.20%,4.20%,2.80%,1.90%,1.70%,,,,,,77.70%
HawaiiTotal,"85,335","84,466","82,606","77,697","89,100","100,380","95,401","101,412","83,721","83,229","84,950","87,409","90,696","85,187","68,051","49,696","28,868","37,668",39.6,100,67.3,31.8,35.5,"1,115,685"
HawaiiMale,"43,752","42,919","42,690","41,298","48,619","52,679","50,160","49,136","42,971","41,774","42,564","44,139","43,417","41,229","32,399","22,216","12,854","13,039",38.1,,,,,"553,276"
HawaiiPercentMale,6.20%,6.10%,6.00%,5.80%,6.90%,7.40%,7.10%,6.90%,6.10%,5.90%,6.00%,6.20%,6.10%,5.80%,4.60%,3.10%,1.80%,1.80%,,,,,,78.20%
HawaiiFemale,"41,583","41,547","39,916","36,399","40,481","47,701","45,241","52,276","40,750","41,455","42,386","43,270","47,279","43,958","35,652","27,480","16,014","24,629",41,,,,,"562,409"
HawaiiPercentFemale,5.90%,5.90%,5.60%,5.10%,5.70%,6.70%,6.40%,7.40%,5.80%,5.90%,6.00%,6.10%,6.70%,6.20%,5.00%,3.90%,2.30%,3.50%,,,,,,79.40%
IdahoTotal,"115,837","125,134","129,492","125,543","120,062","120,513","114,287","116,501","109,303","101,751","100,596","104,642","114,787","95,066","79,054","52,430","33,917","28,150",36.9,101,70.3,27.5,42.8,"1,337,710"
IdahoMale,"59,022","64,476","66,159","65,257","63,474","61,310","56,481","58,490","56,032","51,792","50,668","52,418","55,665","45,494","39,298","24,424","15,991","11,593",36.2,,,,,"667,208"
IdahoPercentMale,6.60%,7.20%,7.40%,7.30%,7.10%,6.80%,6.30%,6.50%,6.20%,5.80%,5.60%,5.80%,6.20%,5.10%,4.40%,2.70%,1.80%,1.30%,,,,,,74.30%
IdahoFemale,"56,815","60,658","63,333","60,286","56,588","59,203","57,806","58,011","53,271","49,959","49,928","52,224","59,122","49,572","39,756","28,006","17,926","16,557",37.6,,,,,"670,502"
IdahoPercentFemale,6.40%,6.80%,7.10%,6.80%,6.40%,6.70%,6.50%,6.50%,6.00%,5.60%,5.60%,5.90%,6.70%,5.60%,4.50%,3.20%,2.00%,1.90%,,,,,,75.40%
IllinoisTotal,"742,404","752,856","823,249","829,525","829,093","891,614","856,709","842,867","798,312","803,237","799,132","840,754","816,708","668,291","513,724","368,932","240,394","254,020",38.6,96.3,62.2,26.2,36,"9,857,142"
IllinoisMale,"378,778","383,859","420,715","418,097","423,442","450,372","432,580","426,822","392,949","396,957","394,088","408,766","393,805","311,416","239,491","161,487","98,050","85,631",37.3,,,,,"4,784,829"
IllinoisPercentMale,6.10%,6.20%,6.80%,6.70%,6.80%,7.20%,7.00%,6.90%,6.30%,6.40%,6.30%,6.60%,6.30%,5.00%,3.90%,2.60%,1.60%,1.40%,,,,,,77.00%
IllinoisFemale,"363,626","368,997","402,534","411,428","405,651","441,242","424,129","416,045","405,363","406,280","405,044","431,988","422,903","356,875","274,233","207,445","142,344","168,389",39.9,,,,,"5,072,313"
IllinoisPercentFemale,5.60%,5.70%,6.20%,6.40%,6.30%,6.80%,6.60%,6.40%,6.30%,6.30%,6.30%,6.70%,6.60%,5.50%,4.20%,3.20%,2.20%,2.60%,,,,,,78.60%
IndianaTotal,"414,553","413,125","469,734","464,953","467,839","457,768","428,551","413,533","412,235","415,640","411,780","446,115","431,921","357,331","280,044","192,073","127,123","127,901",38,97.3,65,26.6,38.4,"5,164,798"
IndianaMale,"213,705","211,347","240,425","239,862","240,557","232,455","213,892","208,949","199,680","207,656","204,504","218,733","209,419","168,464","129,916","85,859","49,119","45,365",36.5,,,,,"2,513,202"
IndianaPercentMale,6.40%,6.40%,7.20%,7.20%,7.20%,7.00%,6.40%,6.30%,6.00%,6.30%,6.20%,6.60%,6.30%,5.10%,3.90%,2.60%,1.50%,1.40%,,,,,,75.70%
IndianaFemale,"200,848","201,778","229,309","225,091","227,282","225,313","214,659","204,584","212,555","207,984","207,276","227,382","222,502","188,867","150,128","106,214","78,004","82,536",39.4,,,,,"2,651,596"
IndianaPercentFemale,5.90%,5.90%,6.70%,6.60%,6.70%,6.60%,6.30%,6.00%,6.20%,6.10%,6.10%,6.70%,6.50%,5.50%,4.40%,3.10%,2.30%,2.40%,,,,,,77.70%
IowaTotal,"190,606","205,431","204,137","214,686","217,206","205,568","194,731","204,583","187,514","176,295","182,152","210,384","208,202","177,535","134,108","95,428","69,762","76,742",38.5,99.1,67.9,29.5,38.4,"2,433,240"
IowaMale,"98,537","108,234","100,629","108,623","114,127","106,859","97,424","106,985","94,231","89,501","90,542","103,126","103,383","84,420","65,581","41,718","28,699","27,765",37.3,,,,,"1,199,888"
IowaPercentMale,6.30%,6.90%,6.40%,6.90%,7.30%,6.80%,6.20%,6.80%,6.00%,5.70%,5.80%,6.60%,6.60%,5.40%,4.20%,2.70%,1.80%,1.80%,,,,,,76.40%
IowaFemale,"92,069","97,197","103,508","106,063","103,079","98,709","97,307","97,598","93,283","86,794","91,610","107,258","104,819","93,115","68,527","53,710","41,063","48,977",39.8,,,,,"1,233,352"
IowaPercentFemale,5.80%,6.10%,6.50%,6.70%,6.50%,6.20%,6.10%,6.20%,5.90%,5.50%,5.80%,6.80%,6.60%,5.90%,4.30%,3.40%,2.60%,3.10%,,,,,,77.80%
KansasTotal,"183,236","196,962","203,308","198,860","212,867","191,948","185,425","196,332","166,573","161,008","166,283","181,715","190,801","155,439","119,227","84,450","55,679","63,201",37.2,98.6,67.9,27.5,40.4,"2,213,013"
KansasMale,"92,742","99,266","104,418","101,286","113,358","97,552","93,107","100,655","83,825","81,547","83,427","88,372","92,448","75,103","56,137","35,899","23,046","24,099",36.2,,,,,"1,090,733"
KansasPercentMale,6.40%,6.90%,7.20%,7.00%,7.80%,6.70%,6.40%,7.00%,5.80%,5.60%,5.80%,6.10%,6.40%,5.20%,3.90%,2.50%,1.60%,1.70%,,,,,,75.40%
KansasFemale,"90,494","97,696","98,890","97,574","99,509","94,396","92,318","95,677","82,748","79,461","82,856","93,343","98,353","80,336","63,090","48,551","32,633","39,102",38.2,,,,,"1,122,280"
KansasPercentFemale,6.20%,6.70%,6.70%,6.70%,6.80%,6.40%,6.30%,6.50%,5.60%,5.40%,5.60%,6.40%,6.70%,5.50%,4.30%,3.30%,2.20%,2.70%,,,,,,76.50%
KentuckyTotal,"273,130","264,938","292,075","295,004","294,084","303,157","273,535","278,035","278,861","279,871","282,529","295,568","302,327","252,427","202,505","137,511","85,477","76,639",39.2,96.9,64.8,27.8,37,"3,465,848"
KentuckyMale,"142,045","134,480","151,321","148,200","153,183","153,880","139,432","136,650","141,358","139,024","139,184","141,680","143,427","119,904","92,914","60,874","36,196","24,453",37.8,,,,,"1,683,676"
KentuckyPercentMale,6.50%,6.10%,6.90%,6.70%,7.00%,7.00%,6.30%,6.20%,6.40%,6.30%,6.30%,6.40%,6.50%,5.50%,4.20%,2.80%,1.60%,1.10%,,,,,,76.60%
KentuckyFemale,"131,085","130,458","140,754","146,804","140,901","149,277","134,103","141,385","137,503","140,847","143,345","153,888","158,900","132,523","109,591","76,637","49,281","52,186",40.7,,,,,"1,782,172"
KentuckyPercentFemale,5.80%,5.70%,6.20%,6.50%,6.20%,6.60%,5.90%,6.20%,6.10%,6.20%,6.30%,6.80%,7.00%,5.80%,4.80%,3.40%,2.20%,2.30%,,,,,,78.50%
LouisianaTotal,"292,977","298,089","317,155","301,712","298,660","326,337","317,085","325,748","281,037","275,891","268,833","295,758","307,318","246,837","199,884","136,928","83,185","75,360",37.7,95.3,64.8,26.3,38.4,"3,563,908"
LouisianaMale,"151,967","152,601","161,404","160,006","151,127","160,241","153,553","159,992","139,768","133,410","131,623","138,836","147,449","114,354","93,290","57,843","34,829","25,909",36.3,,,,,"1,709,791"
LouisianaPercentMale,6.70%,6.70%,7.10%,7.10%,6.70%,7.10%,6.80%,7.10%,6.20%,5.90%,5.80%,6.10%,6.50%,5.00%,4.10%,2.60%,1.50%,1.10%,,,,,,75.40%
LouisianaFemale,"141,010","145,488","155,751","141,706","147,533","166,096","163,532","165,756","141,269","142,481","137,210","156,922","159,869","132,483","106,594","79,085","48,356","49,451",39,,,,,"1,854,117"
LouisianaPercentFemale,5.90%,6.10%,6.50%,6.00%,6.20%,7.00%,6.90%,7.00%,5.90%,6.00%,5.80%,6.60%,6.70%,5.60%,4.50%,3.30%,2.00%,2.10%,,,,,,77.90%
MaineTotal,"62,813","64,874","72,870","78,209","74,294","82,168","82,063","77,594","76,021","84,049","92,380","102,302","108,597","92,423","77,133","50,300","31,469","34,653",45.1,95.4,65.6,35.2,30.3,"1,097,859"
MaineMale,"32,093","32,704","37,521","40,293","38,043","41,202","40,233","39,417","36,724","41,320","45,005","48,915","52,868","42,972","37,734","25,210","13,021","11,055",43.5,,,,,"530,772"
MainePercentMale,4.90%,5.00%,5.70%,6.10%,5.80%,6.30%,6.10%,6.00%,5.60%,6.30%,6.90%,7.50%,8.10%,6.50%,5.70%,3.80%,2.00%,1.70%,,,,,,80.90%
MaineFemale,"30,720","32,170","35,349","37,916","36,251","40,966","41,830","38,177","39,297","42,729","47,375","53,387","55,729","49,451","39,399","25,090","18,448","23,598",46.5,,,,,"567,087"
MainePercentFemale,4.50%,4.70%,5.10%,5.50%,5.30%,6.00%,6.10%,5.50%,5.70%,6.20%,6.90%,7.80%,8.10%,7.20%,5.70%,3.60%,2.70%,3.40%,,,,,,82.40%
MarylandTotal,"358,346","359,505","390,637","381,318","372,016","405,838","414,737","415,367","371,557","384,732","411,222","413,230","407,288","317,396","247,137","166,203","115,604","113,547",39,93.9,61.1,25.6,35.5,"4,713,393"
MarylandMale,"182,785","184,730","198,160","192,824","190,492","204,453","204,600","202,827","180,535","185,153","197,917","196,631","192,059","144,276","111,525","72,754","46,762","39,530",37.6,,,,,"2,249,586"
MarylandPercentMale,6.20%,6.30%,6.80%,6.60%,6.50%,7.00%,7.00%,6.90%,6.20%,6.30%,6.80%,6.70%,6.60%,4.90%,3.80%,2.50%,1.60%,1.40%,,,,,,76.80%
MarylandFemale,"175,561","174,775","192,477","188,494","181,524","201,385","210,137","212,540","191,022","199,579","213,305","216,599","215,229","173,120","135,612","93,449","68,842","74,017",40.6,,,,,"2,463,807"
MarylandPercentFemale,5.60%,5.60%,6.20%,6.00%,5.80%,6.50%,6.70%,6.80%,6.10%,6.40%,6.80%,6.90%,6.90%,5.60%,4.30%,3.00%,2.20%,2.40%,,,,,,79.00%
MassachusettsTotal,"355,066","355,521","395,607","451,393","484,340","502,409","490,198","439,263","410,391","429,075","465,330","483,588","458,029","372,905","303,252","204,299","131,903","159,934",39.7,94.3,57.8,26.8,30.9,"5,540,726"
MassachusettsMale,"181,456","179,652","204,420","227,603","239,525","255,467","244,708","219,139","198,576","207,232","225,784","240,267","212,056","175,564","136,824","88,715","54,074","54,494",38,,,,,"2,654,903"
MassachusettsPercentMale,5.40%,5.40%,6.10%,6.80%,7.20%,7.60%,7.30%,6.60%,5.90%,6.20%,6.70%,7.20%,6.30%,5.20%,4.10%,2.70%,1.60%,1.60%,,,,,,79.40%
MassachusettsFemale,"173,610","175,869","191,187","223,790","244,815","246,942","245,490","220,124","211,815","221,843","239,546","243,321","245,973","197,341","166,428","115,584","77,829","105,440",41.1,,,,,"2,885,823"
MassachusettsPercentFemale,4.90%,5.00%,5.40%,6.30%,6.90%,7.00%,6.90%,6.20%,6.00%,6.30%,6.80%,6.90%,6.90%,5.60%,4.70%,3.30%,2.20%,3.00%,,,,,,81.40%
MichiganTotal,"567,914","578,688","617,636","653,218","674,774","689,462","612,555","619,034","554,995","611,179","641,520","701,709","697,764","588,009","453,804","310,403","200,500","213,693",39.8,96.9,64.3,29.1,35.3,"7,844,035"
MichiganMale,"288,628","297,937","314,377","330,959","345,719","353,927","311,011","306,889","276,122","300,963","315,866","345,004","336,188","282,510","209,840","136,314","89,187","74,464",38.4,,,,,"3,820,907"
MichiganPercentMale,5.90%,6.10%,6.40%,6.70%,7.00%,7.20%,6.30%,6.20%,5.60%,6.10%,6.40%,7.00%,6.80%,5.70%,4.30%,2.80%,1.80%,1.50%,,,,,,77.70%
MichiganFemale,"279,286","280,751","303,259","322,259","329,055","335,535","301,544","312,145","278,873","310,216","325,654","356,705","361,576","305,499","243,964","174,089","111,313","139,229",41.2,,,,,"4,023,128"
MichiganPercentFemale,5.50%,5.50%,6.00%,6.40%,6.50%,6.60%,5.90%,6.20%,5.50%,6.10%,6.40%,7.00%,7.10%,6.00%,4.80%,3.40%,2.20%,2.70%,,,,,,79.30%
MinnesotaTotal,"349,621","361,330","372,737","363,358","345,374","381,052","384,526","385,345","345,054","328,488","344,322","386,481","370,453","304,894","228,472","163,959","112,575","111,591",38.4,98.9,65.1,27,38.1,"4,336,963"
MinnesotaMale,"178,950","185,956","187,178","185,278","173,654","194,937","194,332","193,840","176,193","167,388","172,008","193,212","181,528","147,629","109,376","73,334","49,570","39,853",37.5,,,,,"2,139,845"
MinnesotaPercentMale,6.40%,6.60%,6.70%,6.60%,6.20%,7.00%,6.90%,6.90%,6.30%,6.00%,6.10%,6.90%,6.50%,5.30%,3.90%,2.60%,1.80%,1.40%,,,,,,76.30%
MinnesotaFemale,"170,671","175,374","185,559","178,080","171,720","186,115","190,194","191,505","168,861","161,100","172,314","193,269","188,925","157,265","119,096","90,625","63,005","71,738",39.2,,,,,"2,197,118"
MinnesotaPercentFemale,6.00%,6.20%,6.50%,6.30%,6.10%,6.60%,6.70%,6.80%,6.00%,5.70%,6.10%,6.80%,6.70%,5.50%,4.20%,3.20%,2.20%,2.50%,,,,,,77.50%
MississippiTotal,"179,497","190,277","211,264","214,658","200,789","190,095","178,132","190,629","188,981","183,638","177,919","192,721","190,745","162,197","126,867","90,225","53,094","54,421",38.3,93.1,66.2,27.2,39,"2,277,729"
MississippiMale,"90,762","94,244","107,137","110,926","103,222","92,409","86,047","90,800","92,039","88,500","85,739","91,620","90,167","74,489","58,201","40,143","21,492","17,020",36.9,,,,,"1,083,089"
MississippiPercentMale,6.30%,6.60%,7.50%,7.70%,7.20%,6.40%,6.00%,6.30%,6.40%,6.20%,6.00%,6.40%,6.30%,5.20%,4.10%,2.80%,1.50%,1.20%,,,,,,75.50%
MississippiFemale,"88,735","96,033","104,127","103,732","97,567","97,686","92,085","99,829","96,942","95,138","92,180","101,101","100,578","87,708","68,666","50,082","31,602","37,401",39.5,,,,,"1,194,640"
MississippiPercentFemale,5.80%,6.20%,6.80%,6.70%,6.30%,6.30%,6.00%,6.50%,6.30%,6.20%,6.00%,6.60%,6.50%,5.70%,4.50%,3.20%,2.10%,2.40%,,,,,,77.50%
MissouriTotal,"365,451","380,818","391,770","398,235","394,992","421,412","402,310","402,944","353,765","362,748","367,897","420,294","416,849","338,605","270,645","199,143","127,889","121,661",38.9,96.1,65.6,28.5,37,"4,764,733"
MissouriMale,"186,251","197,748","199,258","203,626","199,709","210,654","202,525","201,992","175,771","178,397","181,189","205,449","198,802","160,021","122,758","86,101","52,694","45,224",37.6,,,,,"2,305,849"
MissouriPercentMale,6.20%,6.60%,6.60%,6.80%,6.60%,7.00%,6.70%,6.70%,5.80%,5.90%,6.00%,6.80%,6.60%,5.30%,4.10%,2.90%,1.80%,1.50%,,,,,,76.70%
MissouriFemale,"179,200","183,070","192,512","194,609","195,283","210,758","199,785","200,952","177,994","184,351","186,708","214,845","218,047","178,584","147,887","113,042","75,195","76,437",40.2,,,,,"2,458,884"
MissouriPercentFemale,5.70%,5.90%,6.20%,6.20%,6.20%,6.70%,6.40%,6.40%,5.70%,5.90%,6.00%,6.90%,7.00%,5.70%,4.70%,3.60%,2.40%,2.40%,,,,,,78.60%
MontanaTotal,"58,850","61,823","67,783","70,013","68,359","68,563","64,556","68,267","64,205","58,108","59,070","72,614","78,658","70,563","55,925","39,674","20,787","20,960",40.5,101,68.5,32.8,35.7,"842,254"
MontanaMale,"31,120","33,055","32,944","36,917","35,688","34,834","32,603","35,849","33,272","29,008","29,376","34,248","39,072","34,888","27,423","19,760","8,833","8,280",39.3,,,,,"420,243"
MontanaPercentMale,5.80%,6.20%,6.10%,6.90%,6.60%,6.50%,6.10%,6.70%,6.20%,5.40%,5.50%,6.40%,7.30%,6.50%,5.10%,3.70%,1.60%,1.50%,,,,,,78.20%
MontanaFemale,"27,730","28,768","34,839","33,096","32,671","33,729","31,953","32,418","30,933","29,100","29,694","38,366","39,586","35,675","28,502","19,914","11,954","12,680",41.7,,,,,"422,011"
MontanaPercentFemale,5.20%,5.40%,6.60%,6.20%,6.10%,6.30%,6.00%,6.10%,5.80%,5.50%,5.60%,7.20%,7.40%,6.70%,5.40%,3.70%,2.20%,2.40%,,,,,,79.40%
NebraskaTotal,"129,551","131,863","136,832","131,674","132,718","130,734","127,197","131,476","111,576","106,983","109,116","119,981","122,412","99,565","79,500","52,457","39,385","41,388",36.8,99.9,68.6,27.2,41.4,"1,459,312"
NebraskaMale,"67,748","67,190","70,679","68,291","68,437","65,050","65,583","66,078","57,568","54,714","55,768","58,048","61,073","47,643","37,416","24,601","16,300","14,463",35.7,,,,,"721,812"
NebraskaPercentMale,7.00%,7.00%,7.30%,7.10%,7.10%,6.70%,6.80%,6.80%,6.00%,5.70%,5.80%,6.00%,6.30%,4.90%,3.90%,2.50%,1.70%,1.50%,,,,,,74.70%
NebraskaFemale,"61,803","64,673","66,153","63,383","64,281","65,684","61,614","65,398","54,008","52,269","53,348","61,933","61,339","51,922","42,084","27,856","23,085","26,925",37.8,,,,,"737,500"
NebraskaPercentFemale,6.40%,6.70%,6.80%,6.50%,6.60%,6.80%,6.40%,6.80%,5.60%,5.40%,5.50%,6.40%,6.30%,5.40%,4.30%,2.90%,2.40%,2.80%,,,,,,76.20%
NevadaTotal,"184,168","185,324","206,681","184,666","182,851","224,382","224,673","217,006","193,315","201,188","194,916","197,914","184,853","166,724","139,119","95,971","53,613","42,792",38.4,100.6,62.9,26.3,36.5,"2,389,419"
NevadaMale,"94,610","92,778","107,967","94,115","93,693","114,131","115,321","109,751","98,242","101,737","99,155","97,978","91,077","80,592","64,613","46,089","24,975","17,955",37.6,,,,,"1,191,972"
NevadaPercentMale,6.10%,6.00%,7.00%,6.10%,6.10%,7.40%,7.50%,7.10%,6.40%,6.60%,6.40%,6.30%,5.90%,5.20%,4.20%,3.00%,1.60%,1.20%,,,,,,77.20%
NevadaFemale,"89,558","92,546","98,714","90,551","89,158","110,251","109,352","107,255","95,073","99,451","95,761","99,936","93,776","86,132","74,506","49,882","28,638","24,837",39,,,,,"1,197,447"
NevadaPercentFemale,5.80%,6.00%,6.40%,5.90%,5.80%,7.20%,7.10%,7.00%,6.20%,6.50%,6.20%,6.50%,6.10%,5.60%,4.90%,3.20%,1.90%,1.60%,,,,,,78.00%
NewHampshireTotal,"64,200","67,001","76,710","87,386","84,664","85,938","84,792","79,575","79,410","86,043","96,086","110,803","103,956","83,687","68,363","43,087","29,143","28,867",43,98,59.9,29.8,30.1,"1,103,691"
NewHampshireMale,"32,816","35,355","37,664","43,631","44,283","45,463","43,142","38,637","40,817","42,509","48,113","54,553","50,930","41,466","31,589","19,516","12,070","10,406",41.9,,,,,"542,357"
NewHampshirePercentMale,4.90%,5.30%,5.60%,6.50%,6.60%,6.80%,6.40%,5.70%,6.10%,6.30%,7.10%,8.10%,7.60%,6.20%,4.70%,2.90%,1.80%,1.50%,,,,,,80.60%
NewHampshireFemale,"31,384","31,646","39,046","43,755","40,381","40,475","41,650","40,938","38,593","43,534","47,973","56,250","53,026","42,221","36,774","23,571","17,073","18,461",44.4,,,,,"561,334"
NewHampshirePercentFemale,4.60%,4.60%,5.70%,6.40%,5.90%,5.90%,6.10%,6.00%,5.60%,6.30%,7.00%,8.20%,7.70%,6.10%,5.40%,3.40%,2.50%,2.70%,,,,,,81.70%
NewJerseyTotal,"511,925","524,592","563,204","555,206","536,034","576,949","571,509","576,841","567,263","584,884","615,092","620,252","603,364","464,475","372,527","264,771","179,292","194,010",40.2,95.7,62.4,27,35.4,"6,944,166"
NewJerseyMale,"261,545","271,967","283,870","286,521","272,614","292,669","289,356","286,160","282,837","287,822","299,463","299,622","290,431","218,471","167,409","112,505","73,218","66,111",38.7,,,,,"3,351,015"
NewJerseyPercentMale,6.00%,6.30%,6.50%,6.60%,6.30%,6.70%,6.70%,6.60%,6.50%,6.60%,6.90%,6.90%,6.70%,5.00%,3.90%,2.60%,1.70%,1.50%,,,,,,77.20%
NewJerseyFemale,"250,380","252,625","279,334","268,685","263,420","284,280","282,153","290,681","284,426","297,062","315,629","320,630","312,933","246,004","205,118","152,266","106,074","127,899",41.6,,,,,"3,593,151"
NewJerseyPercentFemale,5.50%,5.60%,6.20%,5.90%,5.80%,6.30%,6.20%,6.40%,6.30%,6.50%,7.00%,7.10%,6.90%,5.40%,4.50%,3.40%,2.30%,2.80%,,,,,,79.20%
NewMexicoTotal,"116,978","130,751","146,207","139,186","137,719","143,017","135,610","141,554","120,293","117,990","117,085","132,366","140,343","124,818","99,193","70,327","42,894","40,498",38.6,97.8,68.4,30.3,38.1,"1,622,979"
NewMexicoMale,"60,204","67,458","72,416","75,963","69,445","72,937","68,957","70,216","62,584","58,492","56,419","63,747","65,364","57,999","47,634","31,681","19,657","15,535",37.2,,,,,"794,464"
NewMexicoPercentMale,5.80%,6.50%,7.00%,7.30%,6.70%,7.00%,6.70%,6.80%,6.00%,5.60%,5.40%,6.10%,6.30%,5.60%,4.60%,3.10%,1.90%,1.50%,,,,,,76.60%
NewMexicoFemale,"56,774","63,293","73,791","63,223","68,274","70,080","66,653","71,338","57,709","59,498","60,666","68,619","74,979","66,819","51,559","38,646","23,237","24,963",39.8,,,,,"828,515"
NewMexicoPercentFemale,5.40%,6.00%,7.00%,6.00%,6.40%,6.60%,6.30%,6.70%,5.40%,5.60%,5.70%,6.50%,7.10%,6.30%,4.90%,3.60%,2.20%,2.40%,,,,,,78.20%
NewYorkTotal,"1,119,825","1,052,163","1,164,223","1,187,268","1,265,348","1,459,455","1,405,946","1,256,240","1,173,866","1,196,601","1,275,066","1,319,671","1,281,921","1,018,302","845,590","583,528","408,916","439,632",39.2,94.5,60.3,27.2,33.1,"15,431,465"
NewYorkMale,"573,384","540,368","596,605","606,840","632,805","728,335","707,042","625,275","572,584","581,534","619,252","633,557","611,428","477,776","379,081","251,402","158,705","154,837",37.6,,,,,"7,388,570"
NewYorkPercentMale,6.10%,5.70%,6.30%,6.40%,6.70%,7.70%,7.50%,6.60%,6.10%,6.20%,6.60%,6.70%,6.50%,5.10%,4.00%,2.70%,1.70%,1.60%,,,,,,78.20%
NewYorkFemale,"546,441","511,795","567,618","580,428","632,543","731,120","698,904","630,965","601,282","615,067","655,814","686,114","670,493","540,526","466,509","332,126","250,211","284,795",40.8,,,,,"8,042,895"
NewYorkPercentFemale,5.50%,5.10%,5.70%,5.80%,6.30%,7.30%,7.00%,6.30%,6.00%,6.10%,6.60%,6.90%,6.70%,5.40%,4.70%,3.30%,2.50%,2.80%,,,,,,80.40%
NorthCarolinaTotal,"596,583","615,543","686,687","713,066","689,128","715,026","686,637","657,180","655,481","692,224","670,976","700,481","658,137","562,108","485,382","319,614","199,537","184,294",39.1,94.4,62.8,27.2,35.6,"8,194,112"
NorthCarolinaMale,"308,544","315,965","346,689","359,439","365,282","352,172","333,734","315,351","322,114","337,091","327,413","332,743","312,109","256,387","221,189","138,247","82,760","67,098",37.6,,,,,"3,922,178"
NorthCarolinaPercentMale,6.10%,6.20%,6.80%,7.10%,7.20%,6.90%,6.60%,6.20%,6.30%,6.60%,6.40%,6.50%,6.10%,5.00%,4.30%,2.70%,1.60%,1.30%,,,,,,77.00%
NorthCarolinaFemale,"288,039","299,578","339,998","353,627","323,846","362,854","352,903","341,829","333,367","355,133","343,563","367,738","346,028","305,721","264,193","181,367","116,777","117,196",40.5,,,,,"4,271,934"
NorthCarolinaPercentFemale,5.30%,5.60%,6.30%,6.60%,6.00%,6.70%,6.50%,6.30%,6.20%,6.60%,6.40%,6.80%,6.40%,5.70%,4.90%,3.40%,2.20%,2.20%,,,,,,79.20%
NorthDakotaTotal,"50,567","48,953","50,415","46,933","60,819","63,936","53,638","54,162","41,875","37,071","39,457","47,196","46,863","40,657","26,624","20,997","13,824","18,075",35.5,103.9,63.8,25.8,38,"585,356"
NorthDakotaMale,"26,786","24,892","25,861","23,934","32,351","34,088","28,495","28,121","22,468","18,582","20,206","22,647","24,736","20,255","12,926","10,030","5,799","6,162",34.6,,,,,"298,181"
NorthDakotaPercentMale,6.90%,6.40%,6.70%,6.20%,8.30%,8.80%,7.30%,7.20%,5.80%,4.80%,5.20%,5.80%,6.40%,5.20%,3.30%,2.60%,1.50%,1.60%,,,,,,76.80%
NorthDakotaFemale,"23,781","24,061","24,554","22,999","28,468","29,848","25,143","26,041","19,407","18,489","19,251","24,549","22,127","20,402","13,698","10,967","8,025","11,913",36.6,,,,,"287,175"
NorthDakotaPercentFemale,6.40%,6.40%,6.60%,6.20%,7.60%,8.00%,6.70%,7.00%,5.20%,4.90%,5.20%,6.60%,5.90%,5.50%,3.70%,2.90%,2.10%,3.20%,,,,,,76.80%
OhioTotal,"686,672","690,188","752,389","766,270","743,776","794,615","750,102","721,158","682,990","718,103","733,236","793,376","812,677","664,701","522,940","369,145","243,790","242,972",39.6,96.2,65.3,28.9,36.4,"9,114,253"
OhioMale,"355,506","353,621","383,722","390,109","378,281","402,444","375,956","354,517","343,040","357,631","360,877","389,514","387,076","314,028","240,416","161,085","99,286","85,098",38.2,,,,,"4,411,835"
OhioPercentMale,6.20%,6.20%,6.70%,6.80%,6.60%,7.00%,6.60%,6.20%,6.00%,6.20%,6.30%,6.80%,6.80%,5.50%,4.20%,2.80%,1.70%,1.50%,,,,,,77.00%
OhioFemale,"331,166","336,567","368,667","376,161","365,495","392,171","374,146","366,641","339,950","360,472","372,359","403,862","425,601","350,673","282,524","208,060","144,504","157,874",40.9,,,,,"4,702,418"
OhioPercentFemale,5.60%,5.70%,6.20%,6.30%,6.10%,6.60%,6.30%,6.20%,5.70%,6.10%,6.30%,6.80%,7.10%,5.90%,4.70%,3.50%,2.40%,2.70%,,,,,,78.90%
OklahomaTotal,"251,083","262,753","280,191","273,627","270,073","271,492","265,507","264,485","237,031","230,154","222,566","249,998","242,789","203,397","165,066","114,531","77,955","74,273",37,98.4,67,26.8,40.2,"3,004,742"
OklahomaMale,"130,048","137,449","143,452","140,858","141,501","138,539","133,396","132,251","119,490","114,301","110,400","121,182","115,642","96,262","75,770","53,899","31,868","26,169",35.6,,,,,"1,470,313"
OklahomaPercentMale,6.60%,7.00%,7.30%,7.20%,7.20%,7.10%,6.80%,6.70%,6.10%,5.80%,5.60%,6.20%,5.90%,4.90%,3.90%,2.70%,1.60%,1.30%,,,,,,74.90%
OklahomaFemale,"121,035","125,304","136,739","132,769","128,572","132,953","132,111","132,234","117,541","115,853","112,166","128,816","127,147","107,135","89,296","60,632","46,087","48,104",38.3,,,,,"1,534,429"
OklahomaPercentFemale,6.10%,6.30%,6.90%,6.70%,6.40%,6.70%,6.60%,6.60%,5.90%,5.80%,5.60%,6.50%,6.40%,5.40%,4.50%,3.00%,2.30%,2.40%,,,,,,76.90%
OregonTotal,"223,364","235,390","254,889","249,830","266,146","296,394","298,191","304,423","274,423","262,354","248,667","259,855","276,315","255,064","212,195","132,444","82,106","85,687",39.7,98.2,63,29.7,33.3,"3,354,921"
OregonMale,"114,965","120,858","131,187","126,875","136,534","151,212","152,586","150,976","139,026","132,344","125,315","127,897","130,156","120,608","98,781","58,773","39,833","31,750",38.6,,,,,"1,647,172"
OregonPercentMale,5.50%,5.80%,6.30%,6.10%,6.50%,7.20%,7.30%,7.20%,6.70%,6.30%,6.00%,6.10%,6.20%,5.80%,4.70%,2.80%,1.90%,1.50%,,,,,,78.80%
OregonFemale,"108,399","114,532","123,702","122,955","129,612","145,182","145,605","153,447","135,397","130,010","123,352","131,958","146,159","134,456","113,414","73,671","42,273","53,937",40.7,,,,,"1,707,749"
OregonPercentFemale,5.10%,5.40%,5.80%,5.80%,6.10%,6.80%,6.80%,7.20%,6.40%,6.10%,5.80%,6.20%,6.90%,6.30%,5.30%,3.50%,2.00%,2.50%,,,,,,80.20%
PennsylvaniaTotal,"695,661","713,446","764,806","803,486","796,554","858,956","845,892","796,556","723,623","771,892","833,747","895,407","913,745","752,966","600,229","428,104","282,090","324,829",40.8,96.1,64.5,30.7,33.8,"10,169,664"
PennsylvaniaMale,"356,756","359,022","397,027","406,292","406,537","439,636","429,903","403,156","356,156","383,106","410,099","439,223","438,162","357,271","277,604","186,060","114,887","111,630",39.2,,,,,"4,925,483"
PennsylvaniaPercentMale,5.70%,5.70%,6.30%,6.50%,6.50%,7.00%,6.90%,6.40%,5.70%,6.10%,6.50%,7.00%,7.00%,5.70%,4.40%,3.00%,1.80%,1.80%,,,,,,78.50%
PennsylvaniaFemale,"338,905","354,424","367,779","397,194","390,017","419,320","415,989","393,400","367,467","388,786","423,648","456,184","475,583","395,695","322,625","242,044","167,203","213,199",42.5,,,,,"5,244,181"
PennsylvaniaPercentFemale,5.20%,5.40%,5.60%,6.10%,6.00%,6.40%,6.40%,6.00%,5.60%,6.00%,6.50%,7.00%,7.30%,6.10%,4.90%,3.70%,2.60%,3.30%,,,,,,80.30%
RhodeIslandTotal,"54,802","49,154","62,573","71,713","74,167","76,317","71,863","68,412","56,021","63,959","71,869","73,453","77,903","61,210","46,171","34,110","18,909","26,755",40.1,95.4,58.4,28,30.4,"855,786"
RhodeIslandMale,"27,943","23,765","33,082","37,098","37,398","39,108","36,895","33,475","28,878","30,657","35,254","36,482","36,078","28,361","21,080","15,543","7,610","8,514",38.3,,,,,"412,642"
RhodeIslandPercentMale,5.40%,4.60%,6.40%,7.20%,7.20%,7.60%,7.10%,6.50%,5.60%,5.90%,6.80%,7.10%,7.00%,5.50%,4.10%,3.00%,1.50%,1.60%,,,,,,79.80%
RhodeIslandFemale,"26,859","25,389","29,491","34,615","36,769","37,209","34,968","34,937","27,143","33,302","36,615","36,971","41,825","32,849","25,091","18,567","11,299","18,241",41.7,,,,,"443,144"
RhodeIslandPercentFemale,5.00%,4.70%,5.40%,6.40%,6.80%,6.90%,6.40%,6.40%,5.00%,6.10%,6.80%,6.80%,7.70%,6.10%,4.60%,3.40%,2.10%,3.40%,,,,,,81.70%
SouthCarolinaTotal,"289,537","300,712","334,285","339,558","321,418","343,711","327,046","325,143","303,461","315,264","319,778","352,888","340,375","303,213","268,106","176,483","100,864","86,872",39.9,93.3,66,30.2,35.9,"4,036,414"
SouthCarolinaMale,"146,505","152,608","170,388","171,831","165,508","170,934","156,363","157,816","148,220","151,138","153,720","166,224","158,347","137,394","123,789","80,525","41,743","31,948",38.3,,,,,"1,922,777"
SouthCarolinaPercentMale,5.90%,6.10%,6.90%,6.90%,6.70%,6.90%,6.30%,6.40%,6.00%,6.10%,6.20%,6.70%,6.40%,5.50%,5.00%,3.20%,1.70%,1.30%,,,,,,77.40%
SouthCarolinaFemale,"143,032","148,104","163,897","167,727","155,910","172,777","170,683","167,327","155,241","164,126","166,058","186,664","182,028","165,819","144,317","95,958","59,121","54,924",41.2,,,,,"2,113,637"
SouthCarolinaPercentFemale,5.40%,5.60%,6.20%,6.30%,5.90%,6.50%,6.40%,6.30%,5.80%,6.20%,6.20%,7.00%,6.80%,6.20%,5.40%,3.60%,2.20%,2.10%,,,,,,79.30%
SouthDakotaTotal,"58,859","59,654","62,453","57,976","57,688","57,689","56,731","58,310","47,761","48,281","48,408","58,677","58,373","51,836","38,607","25,147","18,910","19,299",37.7,103.3,71.6,29.8,41.8,"669,390"
SouthDakotaMale,"31,899","31,823","32,714","28,565","31,185","31,074","28,128","30,909","24,451","24,390","23,902","29,397","29,729","26,613","18,411","10,799","8,189","7,280",36.5,,,,,"335,932"
SouthDakotaPercentMale,7.10%,7.10%,7.30%,6.40%,6.90%,6.90%,6.30%,6.90%,5.40%,5.40%,5.30%,6.50%,6.60%,5.90%,4.10%,2.40%,1.80%,1.60%,,,,,,74.70%
SouthDakotaFemale,"26,960","27,831","29,739","29,411","26,503","26,615","28,603","27,401","23,310","23,891","24,506","29,280","28,644","25,223","20,196","14,348","10,721","12,019",39.1,,,,,"333,458"
SouthDakotaPercentFemale,6.20%,6.40%,6.80%,6.80%,6.10%,6.10%,6.60%,6.30%,5.40%,5.50%,5.60%,6.70%,6.60%,5.80%,4.60%,3.30%,2.50%,2.80%,,,,,,76.60%
TennesseeTotal,"407,026","405,373","443,911","435,235","443,667","482,585","452,293","426,988","422,171","440,946","431,249","460,144","438,621","364,907","315,283","208,553","132,857","117,365",39,95.1,63.4,27.3,36.1,"5,318,422"
TennesseeMale,"206,720","206,232","227,649","227,887","222,167","239,844","224,031","208,761","207,474","217,850","211,326","219,219","208,681","170,685","143,927","92,732","52,886","41,044",37.7,,,,,"2,554,545"
TennesseePercentMale,6.20%,6.20%,6.80%,6.80%,6.70%,7.20%,6.70%,6.30%,6.20%,6.50%,6.30%,6.60%,6.30%,5.10%,4.30%,2.80%,1.60%,1.20%,,,,,,76.70%
TennesseeFemale,"200,306","199,141","216,262","207,348","221,500","242,741","228,262","218,227","214,697","223,096","219,923","240,925","229,940","194,222","171,356","115,821","79,971","76,321",40.4,,,,,"2,763,877"
TennesseePercentFemale,5.70%,5.70%,6.20%,5.90%,6.30%,6.90%,6.50%,6.20%,6.10%,6.40%,6.30%,6.90%,6.60%,5.50%,4.90%,3.30%,2.30%,2.20%,,,,,,79.00%
TexasTotal,"1,981,755","1,995,392","2,184,780","2,077,356","1,984,048","2,143,433","2,099,228","2,055,539","1,903,880","1,850,623","1,706,222","1,689,099","1,585,799","1,271,478","987,863","663,496","417,629","398,261",35.1,98.5,62.3,20.9,41.4,"21,599,250"
TexasMale,"1,009,343","1,005,288","1,124,804","1,065,387","1,015,503","1,095,287","1,064,791","1,032,517","956,251","916,626","842,631","835,900","754,370","596,142","458,667","294,677","174,905","142,673",34.1,,,,,"10,618,690"
TexasPercentMale,7.00%,7.00%,7.80%,7.40%,7.10%,7.60%,7.40%,7.20%,6.60%,6.40%,5.90%,5.80%,5.20%,4.10%,3.20%,2.00%,1.20%,1.00%,,,,,,73.80%
TexasFemale,"972,412","990,104","1,059,976","1,011,969","968,545","1,048,146","1,034,437","1,023,022","947,629","933,997","863,591","853,199","831,429","675,336","529,196","368,819","242,724","255,588",36.1,,,,,"10,980,560"
TexasPercentFemale,6.70%,6.80%,7.30%,6.90%,6.60%,7.20%,7.10%,7.00%,6.50%,6.40%,5.90%,5.80%,5.70%,4.60%,3.60%,2.50%,1.70%,1.70%,,,,,,75.20%
UtahTotal,"245,883","258,067","267,584","255,453","267,379","250,777","221,376","231,972","211,720","177,015","152,354","147,856","153,324","122,365","96,848","65,072","44,340","36,573",31.2,101,67.8,19.1,48.7,"2,275,650"
UtahMale,"126,468","128,358","140,959","128,559","137,284","127,932","110,674","119,611","106,738","90,360","75,935","72,194","74,793","59,324","46,574","29,279","20,368","15,261",30.6,,,,,"1,134,329"
UtahPercentMale,7.90%,8.00%,8.80%,8.00%,8.50%,7.90%,6.90%,7.40%,6.60%,5.60%,4.70%,4.50%,4.60%,3.70%,2.90%,1.80%,1.30%,0.90%,,,,,,70.40%
UtahFemale,"119,415","129,709","126,625","126,894","130,095","122,845","110,702","112,361","104,982","86,655","76,419","75,662","78,531","63,041","50,274","35,793","23,972","21,312",31.9,,,,,"1,141,321"
UtahPercentFemale,7.50%,8.10%,7.90%,8.00%,8.20%,7.70%,6.90%,7.00%,6.60%,5.40%,4.80%,4.70%,4.90%,4.00%,3.20%,2.20%,1.50%,1.30%,,,,,,71.50%
VermontTotal,"29,021","31,204","31,922","43,161","43,123","40,598","36,051","35,487","35,328","36,880","41,323","44,207","50,483","41,387","33,967","22,689","12,864","14,294",42.8,98.2,62,32.5,29.5,"510,430"
VermontMale,"15,010","15,511","16,892","22,005","22,021","21,823","18,076","17,976","17,463","18,047","20,354","20,504","25,697","20,450","16,181","10,256","6,432","4,466",41.2,,,,,"250,316"
VermontPercentMale,4.90%,5.00%,5.50%,7.10%,7.10%,7.10%,5.80%,5.80%,5.60%,5.80%,6.60%,6.60%,8.30%,6.60%,5.20%,3.30%,2.10%,1.40%,,,,,,81.00%
VermontFemale,"14,011","15,693","15,030","21,156","21,102","18,775","17,975","17,511","17,865","18,833","20,969","23,703","24,786","20,937","17,786","12,433","6,432","9,828",44.5,,,,,"260,114"
VermontPercentFemale,4.50%,5.00%,4.80%,6.70%,6.70%,6.00%,5.70%,5.60%,5.70%,6.00%,6.70%,7.50%,7.90%,6.70%,5.60%,3.90%,2.00%,3.10%,,,,,,82.60%
VirginiaTotal,"499,906","504,065","543,494","555,996","559,301","595,190","579,465","593,379","534,773","541,735","554,159","571,897","543,823","432,999","376,642","237,432","159,276","151,987",38.5,97,60.5,25.5,34.9,"6,677,914"
VirginiaMale,"257,151","262,942","276,286","287,233","292,730","301,591","288,033","298,306","265,659","267,292","268,129","274,482","261,465","202,502","171,676","107,302","64,929","54,091",37.2,,,,,"3,246,462"
VirginiaPercentMale,6.10%,6.30%,6.60%,6.80%,7.00%,7.20%,6.90%,7.10%,6.30%,6.40%,6.40%,6.50%,6.20%,4.80%,4.10%,2.60%,1.50%,1.30%,,,,,,77.30%
VirginiaFemale,"242,755","241,123","267,208","268,763","266,571","293,599","291,432","295,073","269,114","274,443","286,030","297,415","282,358","230,497","204,966","130,130","94,347","97,896",40,,,,,"3,431,452"
VirginiaPercentFemale,5.60%,5.60%,6.20%,6.20%,6.20%,6.80%,6.70%,6.80%,6.20%,6.30%,6.60%,6.90%,6.50%,5.30%,4.70%,3.00%,2.20%,2.30%,,,,,,79.20%
WashingtonTotal,"455,283","456,737","477,450","459,277","475,822","586,410","577,600","543,867","488,378","470,686","455,082","478,059","482,557","405,889","330,419","210,881","129,859","130,637",37.9,100,60.5,25.5,35.1,"5,951,928"
WashingtonMale,"233,396","234,976","243,772","231,808","250,643","303,403","299,813","279,352","244,506","238,386","227,446","230,545","238,686","194,079","153,713","98,371","56,888","47,789",36.8,,,,,"2,958,683"
WashingtonPercentMale,6.10%,6.20%,6.40%,6.10%,6.60%,8.00%,7.90%,7.30%,6.40%,6.30%,6.00%,6.10%,6.30%,5.10%,4.00%,2.60%,1.50%,1.30%,,,,,,77.70%
WashingtonFemale,"221,887","221,761","233,678","227,469","225,179","283,007","277,787","264,515","243,872","232,300","227,636","247,514","243,871","211,810","176,706","112,510","72,971","82,848",39,,,,,"2,993,245"
WashingtonPercentFemale,5.80%,5.80%,6.10%,6.00%,5.90%,7.40%,7.30%,6.90%,6.40%,6.10%,6.00%,6.50%,6.40%,5.60%,4.60%,3.00%,1.90%,2.20%,,,,,,78.60%
WestVirginiaTotal,"91,548","98,494","104,920","109,763","106,336","112,648","98,619","107,506","112,393","112,153","114,539","121,475","134,353","118,588","98,938","66,461","41,303","42,110",42.9,97.7,68.1,34.5,33.7,"1,433,329"
WestVirginiaMale,"46,664","48,286","56,691","53,955","56,112","58,292","49,731","55,869","54,659","57,090","57,431","60,187","63,657","56,989","47,660","31,037","17,235","14,316",41.7,,,,,"702,698"
WestVirginiaPercentMale,5.30%,5.50%,6.40%,6.10%,6.30%,6.60%,5.60%,6.30%,6.20%,6.40%,6.50%,6.80%,7.20%,6.40%,5.40%,3.50%,1.90%,1.60%,,,,,,79.30%
WestVirginiaFemale,"44,884","50,208","48,229","55,808","50,224","54,356","48,888","51,637","57,734","55,063","57,108","61,288","70,696","61,599","51,278","35,424","24,068","27,794",44.3,,,,,"730,631"
WestVirginiaPercentFemale,5.00%,5.50%,5.30%,6.20%,5.50%,6.00%,5.40%,5.70%,6.40%,6.10%,6.30%,6.80%,7.80%,6.80%,5.70%,3.90%,2.70%,3.10%,,,,,,80.60%
WisconsinTotal,"327,258","344,543","368,646","380,127","386,575","375,461","361,854","377,391","337,045","345,863","373,430","415,388","408,957","337,445","260,506","175,294","120,538","126,113",39.9,98.7,64.5,28.8,35.7,"4,559,022"
WisconsinMale,"167,449","171,682","190,598","195,330","198,067","193,800","184,034","191,455","168,119","173,322","186,150","204,851","202,485","163,343","124,894","79,634","52,902","44,689",38.7,,,,,"2,247,843"
WisconsinPercentMale,5.80%,5.90%,6.60%,6.80%,6.80%,6.70%,6.40%,6.60%,5.80%,6.00%,6.40%,7.10%,7.00%,5.60%,4.30%,2.80%,1.80%,1.50%,,,,,,77.70%
WisconsinFemale,"159,809","172,861","178,048","184,797","188,508","181,661","177,820","185,936","168,926","172,541","187,280","210,537","206,472","174,102","135,612","95,660","67,636","81,424",41,,,,,"2,311,179"
WisconsinPercentFemale,5.50%,5.90%,6.10%,6.30%,6.40%,6.20%,6.10%,6.30%,5.80%,5.90%,6.40%,7.20%,7.00%,5.90%,4.60%,3.30%,2.30%,2.80%,,,,,,78.90%
WyomingTotal,"33,098","40,471","38,966","38,611","37,766","38,130","38,519","36,954","36,717","32,033","31,777","37,601","39,327","34,425","26,249","17,685","10,804","9,626",38.1,104.7,67.4,28.6,38.8,"444,570"
WyomingMale,"17,807","21,515","19,151","20,020","20,133","20,550","20,433","18,824","19,399","15,925","16,545","19,319","19,100","17,142","13,235","8,878","4,544","3,485",37.2,,,,,"226,129"
WyomingPercentMale,6.00%,7.30%,6.50%,6.80%,6.80%,6.90%,6.90%,6.40%,6.60%,5.40%,5.60%,6.50%,6.50%,5.80%,4.50%,3.00%,1.50%,1.20%,,,,,,76.40%
WyomingFemale,"15,291","18,956","19,815","18,591","17,633","17,580","18,086","18,130","17,318","16,108","15,232","18,282","20,227","17,283","13,014","8,807","6,260","6,141",39.2,,,,,"218,441"
WyomingPercentFemale,5.40%,6.70%,7.00%,6.60%,6.20%,6.20%,6.40%,6.40%,6.10%,5.70%,5.40%,6.50%,7.20%,6.10%,4.60%,3.10%,2.20%,2.20%,,,,,,77.30%
PuertoRicoTotal,"115,403","153,900","189,662","208,460","224,534","203,972","181,558","188,853","206,339","204,546","208,377","215,519","212,906","193,754","172,738","130,418","95,927","86,828",43.1,90.4,64.5,35,29.5,"2,620,960"
PuertoRicoMale,"57,254","77,310","97,536","106,148","114,376","103,147","86,130","90,358","98,016","98,969","95,405","100,616","95,474","87,857","77,112","57,541","38,763","33,982",41.3,,,,,"1,224,344"
PuertoRicoPercentMale,3.80%,5.10%,6.40%,7.00%,7.50%,6.80%,5.70%,6.00%,6.50%,6.50%,6.30%,6.60%,6.30%,5.80%,5.10%,3.80%,2.60%,2.20%,,,,,,80.80%
PuertoRicoFemale,"58,149","76,590","92,126","102,312","110,158","100,825","95,428","98,495","108,323","105,577","112,972","114,903","117,432","105,897","95,626","72,877","57,164","52,846",44.8,,,,,"1,396,616"
PuertoRicoPercentFemale,3.50%,4.60%,5.50%,6.10%,6.60%,6.00%,5.70%,5.90%,6.50%,6.30%,6.70%,6.80%,7.00%,6.30%,5.70%,4.30%,3.40%,3.10%,,,,,,83.20%