RegionID,SizeRank,RegionName,RegionType,StateName,31/01/2018,28/02/2018,31/03/2018,30/04/2018,31/05/2018,30/06/2018,31/07/2018,31/08/2018,30/09/2018,31/10/2018,30/11/2018,31/12/2018,31/01/2019,28/02/2019,31/03/2019,30/04/2019,31/05/2019,30/06/2019,31/07/2019,31/08/2019,30/09/2019,31/10/2019,30/11/2019,31/12/2019,31/01/2020,29/02/2020,31/03/2020,30/04/2020,31/05/2020,30/06/2020,31/07/2020,31/08/2020,30/09/2020,31/10/2020,30/11/2020,31/12/2020,31/01/2021,28/02/2021,31/03/2021,30/04/2021,31/05/2021,30/06/2021,31/07/2021,31/08/2021,30/09/2021,31/10/2021,30/11/2021,31/12/2021
102001,0,United States,Country,,271617,272983,279333,288667,295633,299267,299900,299600,299267,298633,297267,294267,291567,292933,297967,306497,314463,320963,322433,319800,315600,312267,307267,303267,299800,301467,306500,313000,320650,328450,335450,340463,342630,344130,342800,338500,333633,333963,340597,353963,367283,378283,381583,379933,376633,375000,374967,372967
394913,1,"New York, NY",Msa,NY,517967,523000,534333,544667,554667,560000,560000,554833,549833,549833,550000,549667,549333,549333,554667,563333,573300,578267,578267,574633,573000,574333,577667,579000,577667,579333,586000,594000,599000,602000,612300,628967,642892,649592,652926,657000,663633,668967,673567,675933,675933,669000,659667,646333,639667,636333,638000,642667
753899,2,"Los Angeles-Long Beach-Anaheim, CA",Msa,CA,798667,802667,818000,835000,848300,849633,841300,824296,802296,785629,772667,761633,752967,749633,761300,778266,804600,824300,840333,847000,845667,845967,845967,848967,849333,865963,882963,887129,882500,892167,924333,955633,967600,972933,978300,989667,997600,999200,1007867,1008267,1008333,999666,992990,975657,952623,940967,936633,941667
394463,3,"Chicago, IL",Msa,IL,301497,305967,319467,336133,346133,348600,344933,338267,330967,324933,318300,309933,303267,306600,319633,336000,345833,348167,345067,338533,331533,324933,319633,311300,306333,309967,320800,328800,332167,336500,343467,348467,349967,349667,346000,339663,331663,331997,338300,346633,352967,354667,354633,348267,339933,332967,327300,322267
394514,4,"Dallas-Fort Worth, TX",Msa,TX,341666,345000,351648,359745,366079,365931,359467,351100,344567,341233,339600,337967,335333,335633,340600,348267,354933,356300,354600,349600,344933,341633,339997,338330,335293,334512,336178,339182,343133,348133,354800,358267,359933,359267,356787,353454,350820,351813,356146,364480,374333,383333,390000,393333,395967,396630,398297,401330
394974,5,"Philadelphia, PA",Msa,PA,252630,249633,253833,260800,270133,275967,279300,278267,276039,274073,271101,265828,257828,254133,257967,267633,279000,287633,292967,293300,293333,293967,293967,290633,286333,286300,289633,294633,301333,311333,323333,333000,336300,337933,334933,331600,324933,321597,321630,326630,331633,336300,333000,329633,324963,324963,321663,313333
394692,6,"Houston, TX",Msa,TX,316462,318775,322112,326851,330434,331746,328635,323749,317555,314167,310910,309281,307816,309119,312376,317262,321138,322441,320780,317147,312910,310011,307809,305715,303435,302949,305695,308203,312601,317161,323122,327975,332413,336122,338109,336862,334700,333963,338942,346605,356635,365293,371552,372888,371255,370859,371192,371189
395209,7,"Washington, DC",Msa,DC,431330,431000,441367,452667,464667,474667,479667,476333,466665,461632,456598,449900,443233,443267,454967,471667,488167,496167,495900,489367,484700,483467,485167,483467,481633,486600,501600,513233,522933,531300,544408,551375,548625,540547,530580,522997,516000,513997,512630,518630,523933,528967,527467,522500,519166,518330,518330,514997
394856,8,"Miami-Fort Lauderdale, FL",Msa,FL,389841,389841,391157,392637,394249,394578,394709,394413,394085,393789,393131,391815,390499,389841,391157,392473,394117,394446,397736,399381,399381,396421,396421,398065,398065,396536,397523,397194,396749,393789,394118,397078,400039,403296,402309,401322,399807,399870,401800,410133,425167,441667,456633,466633,474933,481633,488300,495000
394347,9,"Atlanta, GA",Msa,GA,309981,314933,323600,335300,344667,349633,344933,337933,329633,324833,320742,317375,313842,313267,316966,326666,338000,344333,344617,339917,334883,330300,327000,325000,323596,323596,325630,327167,330500,336735,344568,351235,354667,356333,354667,351633,349933,351567,358663,375030,390063,402283,405616,405616,403000,399967,399933,399767
394404,10,"Boston, MA",Msa,MA,541333,544667,565333,585000,598500,596133,579767,556600,539633,536000,535967,531300,528267,533300,549967,571666,589666,596333,594633,586633,579933,574967,574967,574453,574453,582453,597667,605967,614600,624600,641300,649633,649933,656600,662967,666000,665967,672933,684933,694300,697633,698967,692933,677933,668233,667933,674600,681267
395057,11,"San Francisco, CA",Msa,CA,807333,824000,857667,899667,924667,937933,921267,880600,850667,842333,838000,820000,799600,802933,830933,867333,900667,907629,904629,885963,885667,889000,895667,879000,862633,874633,899967,916333,924667,949000,982333,998333,998667,998901,999197,995864,991963,988667,988667,992000,994000,996000,980000,959858,936525,926525,914667,901883
394532,12,"Detroit, MI",Msa,MI,219933,218263,224630,237997,253000,263000,264633,259600,251600,244633,237967,231267,226567,226567,233265,246598,259932,269900,271267,267633,258667,248967,239300,231633,225667,223967,228100,234067,245600,261100,277767,286233,283233,278100,271467,264838,259971,261604,270687,283720,293720,298967,294300,284333,268333,255000,241633,229967
395025,13,"Riverside, CA",Msa,CA,390296,392963,396296,402667,406633,409967,409933,406633,403300,399966,399633,398633,398333,398663,402996,408329,415000,419967,423300,423300,420000,416667,415000,414833,414860,418193,423027,426333,428000,434667,446333,461333,471667,480000,485000,490000,491667,493333,494983,506650,520283,533633,541633,546300,549600,549933,549967,550000
394976,14,"Phoenix, AZ",Msa,AZ,339143,344921,353111,358515,361574,360180,356816,351716,348317,346278,345940,345940,347945,350664,354097,358549,362933,366332,366977,368027,369727,371460,373839,377204,383321,390088,396639,392187,387123,385983,396179,404675,407794,407826,407656,407656,408382,409276,415000,424967,438300,449967,459997,466995,471992,475295,479930,483267
395078,15,"Seattle, WA",Msa,WA,508316,528316,559983,584967,598300,599633,592817,581167,568150,564650,561983,561983,563983,578300,601633,626633,642483,644167,635833,624167,617165,615492,617658,621323,631313,647980,663617,663300,660283,659650,668300,669983,663317,651667,640000,636500,639833,654500,667983,684633,694967,701650,701650,694983,693317,690850,689183,682515
394865,16,"Minneapolis-St Paul, MN",Msa,MN,354454,371733,387316,392961,391229,383356,374699,367461,359787,355978,351095,351060,356566,368721,384304,392961,394692,387801,382506,373849,368620,361826,361445,361480,368409,379144,389512,392974,392974,392960,394657,392926,386035,377413,368790,368755,370825,378965,387002,391968,392290,387960,384627,379267,374233,369267,367550,369250
395056,17,"San Diego, CA",Msa,CA,704633,721300,735967,749333,749633,749633,742633,725967,706267,689933,681633,676667,676333,681329,692996,713296,732967,745967,747333,747333,747333,745667,742666,742666,746000,755967,769967,770300,770000,781333,814666,838300,836633,825672,812333,810666,813294,830000,841667,856333,856333,856000,849333,847667,846000,846000,847667,849667
395121,18,"St. Louis, MO",Msa,MO,197147,197595,203070,211713,220322,225488,226994,226684,226375,224868,221769,216913,213125,214813,223422,235474,245805,251005,251955,250234,248477,246115,242671,237540,235853,239297,245495,250936,257476,263640,268495,267982,266260,263867,260974,255499,251533,252120,257807,265000,265000,261667,254567,248200,241700,235133,230167,226967
395148,19,"Tampa, FL",Msa,FL,264551,264551,266218,269518,274451,277718,277686,274713,271445,268211,266250,263963,263310,263310,266577,272131,280123,285351,286952,285527,284188,283890,282257,280329,277715,277683,278826,278503,280136,283894,290428,296992,301356,305836,305451,303040,300541,299644,304997,314997,331630,346467,359767,368133,373300,378333,385000,393000
394358,20,"Baltimore, MD",Msa,MD,303233,299900,304933,313300,326633,337967,345967,345967,341467,335130,328497,319997,313333,311667,316667,327699,339366,347699,350000,349967,346600,341600,334633,327967,322933,323233,329933,339443,347810,356143,363300,364967,361633,355000,348300,341300,334300,334333,339666,348300,356933,360267,361933,356630,352963,342997,334633,323300
394530,21,"Denver, CO",Msa,CO,,,,,,,,,494667,487667,481000,477833,482333,493967,509133,519967,524967,523453,518453,510120,502967,497967,497967,501300,512376,529043,542709,545633,542333,542815,549148,552482,546938,534938,524938,525000,531667,543610,556910,575077,591467,605167,613333,616833,618167,620167,624967,634633
394982,22,"Pittsburgh, PA",Msa,PA,171567,169900,173233,177267,183133,184833,184133,181600,179900,178267,175933,172633,170933,170933,175267,181933,189300,194800,198133,199467,198867,195533,190867,184967,183300,185800,192433,197433,204900,214900,227600,233967,234000,232967,231600,229933,228267,229967,234698,241381,246348,246583,238900,228933,222267,218300,213300,206633
394998,23,"Portland, OR",Msa,OR,459002,465399,471797,478163,479762,479762,476563,470134,462137,455739,452540,450941,452540,455739,462137,466967,470198,470230,468598,465384,460585,456939,453756,453756,456315,464312,470710,470214,470214,471813,482924,487483,492249,494125,502359,511955,520440,525772,534767,551433,573300,588333,592900,586233,579567,572667,570667,570317
394458,24,"Charlotte, NC",Msa,NC,338133,338167,343000,349666,356266,358600,355583,349028,342028,335378,330983,327283,325617,328300,335000,343333,351633,356300,356300,352333,346967,344300,341633,342166,342903,346237,351070,352967,357592,362925,374125,379540,381540,378707,377000,375000,374967,376633,383207,394907,407907,414967,414967,408853,406053,408213,411323,408837
395045,25,"Sacramento, CA",Msa,CA,462983,468667,477000,485967,491967,492300,487000,480333,472967,466300,459633,456333,458333,466333,481000,492665,504665,513332,521633,522967,517963,509663,503326,504996,511330,521000,527667,528000,528000,529543,539270,547936,559723,568330,579663,586333,594333,596333,593000,601667,611667,625000,625000,619967,614967,613300,616333,624667
395055,26,"San Antonio, TX",Msa,TX,279966,280000,283000,288500,294833,298167,297667,293500,288467,283467,281444,280811,280811,280633,281633,284967,290000,293167,293133,289800,286600,283297,281297,278996,278633,278966,282633,286167,290167,293800,297300,299933,299633,297967,294633,290933,288567,289267,293067,298765,303762,312328,327163,341163,347830,346080,342917,343355
394943,27,"Orlando, FL",Msa,FL,299900,302933,309300,317667,323000,325000,324967,323267,319933,314933,308300,303267,299933,299933,303467,310167,318500,323333,325000,325000,325627,325627,325627,325000,324967,326600,328410,325440,322140,320533,325203,328537,330867,332501,332501,331630,328330,326663,328333,335000,343333,354967,366153,377487,383853,390667,394333,397667
394466,28,"Cincinnati, OH",Msa,OH,218300,219967,231600,248267,261600,267633,265967,259300,251633,244967,241333,236300,232967,236633,249967,266300,279467,285833,287833,284333,278567,271900,265567,261333,261300,269633,283267,296300,309633,322967,333300,334633,327688,319354,309688,305833,305800,314100,323930,337297,350130,354433,349067,336233,324600,316633,310300,306967
394475,29,"Cleveland, OH",Msa,OH,161567,161567,164900,171267,176267,181300,183300,183300,181600,179900,178267,176600,174933,176567,179932,185402,191936,196904,199467,196267,192933,188267,184933,181600,179900,180233,185267,191633,201300,209600,218267,221133,214467,206100,196567,191600,188300,194958,208592,225225,233600,233300,226333,214667,206000,196300,192933,187100
394735,30,"Kansas City, MO",Msa,MO,254933,259967,269633,274633,277518,276185,275352,272467,272800,280300,286967,293300,296600,306633,319950,331317,337950,336297,329962,319962,312965,307967,304667,301667,306333,316333,332667,342667,352667,359633,364933,361600,353300,343983,338983,335633,336617,346950,361950,377950,383683,380033,367400,353000,345000,344967,348300,356600
394775,31,"Las Vegas, NV",Msa,NV,290435,292135,295135,306300,324500,341500,349500,347967,341300,333297,324963,321597,318233,314933,312300,312833,316167,320498,323332,324332,322633,320933,319933,319967,321558,325892,334225,335667,333300,329933,334900,341267,344633,346333,346963,346963,345629,345000,353333,371296,396296,416296,426667,435000,444322,456988,466988,477667
394492,32,"Columbus, OH",Msa,OH,254267,268633,285300,302630,311630,316997,315300,306967,294933,283267,274867,268233,264900,269967,286800,306800,320133,325933,325967,320633,309666,295966,286266,280600,282600,292267,306233,316233,326567,336567,344933,341600,329967,321300,317967,318967,317633,320967,329116,339738,343102,338919,332963,327767,319467,312463,312463,319963
394705,33,"Indianapolis, IN",Msa,IN,210500,215331,227298,251631,272508,284175,279175,269633,259633,249600,239900,232933,229633,234667,248300,266633,281600,286600,284900,279896,274929,269929,264633,257967,256330,261163,272830,282800,291600,302233,310600,315600,309630,299597,286963,278600,275267,277900,284233,292263,295637,296568,293538,293532,293300,293333,293333,294998
395059,34,"San Jose, CA",Msa,CA,1071296,1104629,1154629,1208333,1245000,1261333,1244333,1199328,1149662,1116262,1082896,1048896,1015592,1031963,1065963,1113000,1139333,1156000,1143448,1117377,1100710,1099595,1096333,1071626,1071293,1106622,1164662,1191662,1192667,1209333,1239000,1256000,1255983,1248550,1248550,1231567,1216296,1216296,1233629,1250333,1266967,1283298,1295965,1279332,1263000,1250324,1233287,1199620
394355,35,"Austin, TX",Msa,TX,373635,375550,380031,384897,386367,386399,383178,376891,370443,365607,362367,357853,354948,356577,363798,373161,379606,377221,368818,359472,353020,349484,347517,344296,344619,348810,359681,367500,375914,385999,397848,407842,414344,419760,424019,424887,425694,432801,448297,471663,488330,501667,511667,518333,524015,526015,529715,532367
395194,36,"Virginia Beach, VA",Msa,VA,257776,257454,260322,264783,270222,273779,276109,276141,275836,273550,271909,270139,270976,273904,278893,284494,288002,289579,289579,289579,289289,289000,289000,289289,289579,289608,292803,296858,303266,308472,314073,317291,316937,315939,312423,307817,302467,299767,301467,306300,309663,309663,304997,301633,299967,299966,299999,299999
394902,37,"Nashville, TN",Msa,TN,373229,374563,376896,379600,379633,377966,374300,367933,362967,359747,358080,356380,354933,354933,356600,359930,364630,367963,367592,364558,361225,359600,357870,355900,352900,352997,354967,358297,363130,368163,374800,378267,381567,382233,381933,380267,381567,390233,400597,413663,425768,440072,451734,454629,453329,456333,462967,468800
395005,38,"Providence, RI",Msa,RI,345871,347654,353073,359925,365170,366883,367058,367058,367058,365274,361429,356220,354471,357968,366358,376532,383839,387650,387964,387964,387650,385937,382440,375763,370519,373700,384189,394642,401949,408941,419429,424709,421247,410759,400271,396425,396607,407136,407967,411633,411333,424667,436300,441600,438233,436267,432300,430667
394862,39,"Milwaukee, WI",Msa,WI,216267,217933,226267,238200,249567,256233,257967,254933,248300,242967,236300,232633,231267,234300,237933,237967,237467,237500,239133,239933,236567,231600,226467,221500,219800,221600,231567,241567,251567,256600,259967,256633,249967,242633,236000,230967,224933,221600,223133,228133,236300,236433,229800,218300,211667,207633,204267,200600
394714,40,"Jacksonville, FL",Msa,FL,300967,304933,309967,314633,316580,316547,313214,307966,302666,298000,296167,296000,296000,297500,299667,304667,311667,314167,311078,304408,299908,299630,299300,298630,298647,301977,306313,307327,309330,312330,317967,319300,317967,314997,310297,308427,308427,312427,318293,327960,338993,346663,350000,351663,355327,360327,363663,366333
394849,41,"Memphis, TN",Msa,TN,187115,182356,181084,183976,187163,194472,199557,205215,207121,208679,208933,206073,202926,200829,203689,208456,215798,220883,224061,224029,223650,223618,223650,224029,222472,222440,225618,230386,236043,241446,247802,251679,247865,243413,241824,241792,241923,237656,238400,241800,249800,252967,254633,254933,258167,261533,263200,259967
394935,42,"Oklahoma City, OK",Msa,OK,235612,237633,242425,247597,252083,252772,252772,250025,248302,246555,246562,246538,248927,253688,262251,270779,277318,278722,276402,271884,268767,267054,267123,267123,268836,272774,278118,281543,286167,293188,298973,300343,296575,294044,291647,289879,288804,292183,299668,311600,315966,312633,304166,298166,294800,289580,289547,292913
394807,43,"Louisville-Jefferson County, KY",Msa,KY,232167,240467,254100,266567,274600,276633,274833,271500,267833,265967,262100,257100,254100,257267,266767,278400,287433,291233,289633,284633,277967,269600,259933,251967,248500,253133,264467,277933,289933,296567,299600,296900,288567,277900,263967,255667,252967,259600,269567,276930,283597,286627,285930,280963,272967,268333,263300,261600
394669,44,"Hartford, CT",Msa,CT,275299,279436,287951,293661,297388,297422,297422,297114,295405,293695,290584,288840,287130,289182,292635,299474,304261,310382,310382,310075,306347,302962,299850,297115,296089,296123,302244,310075,320333,328198,338456,345261,345261,341841,336746,333361,330520,332689,339900,349100,352433,347467,338300,330000,326667,324933,324933,329900
395022,45,"Richmond, VA",Msa,VA,298653,299653,307464,319191,326967,330329,330640,328398,323571,316709,312053,310295,310260,312002,320657,332743,344778,349605,350309,345171,338619,331036,327553,327441,329855,334918,341892,351203,360830,370864,378071,382364,380985,380096,380526,383980,387300,390967,394633,394650,392647,384980,378297,371933,369917,369897,371597,379293
394910,46,"New Orleans, LA",Msa,LA,245925,242592,243300,249633,257133,262167,263833,262967,260300,257267,253967,251633,249975,251642,256308,262967,269600,272400,272400,270433,269133,268167,267133,265267,262900,261900,264233,269267,276283,282633,288467,293483,296833,299000,299000,299000,297667,296187,296487,304487,314633,323833,325833,323833,321000,321000,324333,326333
394425,47,"Buffalo, NY",Msa,NY,184581,186374,193546,202512,209684,213270,215063,213844,212087,208501,204341,198926,195375,196485,200107,207244,215099,222092,225714,222128,218363,214382,210796,207532,204305,204305,207891,215063,225858,236832,244004,243968,240167,233028,225892,218755,215447,222890,234467,249100,255267,255267,248600,239900,233233,228267,224967,221633
395012,48,"Raleigh, NC",Msa,NC,357933,359633,366633,376632,383265,383265,381267,377633,374000,367333,362000,357333,355333,356000,362667,373333,383300,386633,383600,378600,375233,373233,368900,363900,360567,363233,369600,373359,378838,384172,393746,398647,402280,400947,397267,393633,393333,396833,402467,410487,416987,420966,423246,426579,428967,430300,431085,430748
394388,49,"Birmingham, AL",Msa,AL,206683,207217,215217,226800,236267,239600,239900,239900,238267,234633,231000,229300,229600,233233,239900,249900,258567,265233,270273,271640,272362,272123,272090,269735,266600,265800,267433,269100,273233,278100,282133,282000,277167,274133,272250,274533,275583,277600,278617,283267,286633,288333,284967,283300,283021,289021,292354,292633
395053,50,"Salt Lake City, UT",Msa,UT,417953,423208,431339,437395,444646,448700,450147,446698,441374,433870,429851,427707,428029,431924,439392,451898,462617,469621,467834,462510,457293,455507,456386,459995,466998,478610,487539,485896,482302,484815,495571,500966,500207,498385,503744,516250,,,,,,,,,,,,
395031,51,"Rochester, NY",Msa,NY,185799,193017,203339,215574,224633,228748,225175,217956,210738,205685,201318,201318,206696,218281,230949,244050,251088,253795,251522,246252,238096,227268,219725,212543,213373,222721,239066,256282,265305,270578,271332,271007,263464,255167,248273,254674,261988,274013,278263,278267,269600,259600,252800,244767,234767,223267,216633,210000
394640,52,"Grand Rapids, MI",Msa,MI,261633,269967,281667,291667,298300,299967,298300,293500,288467,285433,286900,288567,289900,292933,299267,307633,312933,313267,310933,305933,302300,296267,292933,289900,292933,297760,306093,313060,318233,319900,321267,321300,321300,317967,317933,319633,324967,333300,340933,347567,352792,358492,363492,362967,359633,354633,353267,358233
395167,53,"Tucson, AZ",Msa,AZ,261079,264446,269479,274997,279997,281330,281300,280967,282967,282967,281300,279467,279500,282333,288167,294767,298900,298233,296150,293350,293317,293467,294187,292520,292853,294933,298300,298967,300633,308966,319933,329967,328300,323333,319907,321573,326780,335173,348507,364963,376663,384963,384967,381633,375000,370000,367610,367277
753924,54,"Urban Honolulu, HI",Msa,HI,663333,661667,655000,648333,651333,659000,664180,669513,671847,670000,665000,662667,669000,671667,672333,668667,668967,668967,668967,667300,660633,654600,649633,647967,643000,636667,630000,621667,611333,604000,605667,606000,600000,591333,591000,599167,,,,,,,,,,,,
395169,55,"Tulsa, OK",Msa,OK,193849,194631,199012,204644,208086,208399,207148,206522,206491,206459,206459,206459,207101,209917,215894,223106,229677,232806,234340,233557,234261,235826,238173,239346,237782,237782,240911,247200,255023,264410,272515,277208,277209,277951,278309,277997,277054,277231,291867,304643,315133,305167,295167,286833,286176,286673,284840,282130
394619,56,"Fresno, CA",Msa,CA,334730,331727,331693,335110,339978,342429,342463,340737,338286,335725,333654,330236,325893,324477,326203,334800,345191,355548,363332,364713,364368,359725,355061,351937,351246,354495,359369,362097,367309,372861,382907,389121,391586,390205,390895,390105,390612,387760,390467,400500,416667,426167,426167,421333,419667,422667,429333,439000
395238,57,"Worcester, MA",Msa,MA,278575,281731,287812,297336,306920,313575,315518,314849,313257,309723,306889,302144,300266,302176,311697,324720,335833,343793,344430,341246,336183,333317,331725,329178,328222,329815,340609,351753,363885,371877,378277,381780,381461,382429,385348,390266,,,,,,,,,,,,
394415,58,"Stamford, CT",Msa,CT,684214,720169,763208,786704,793467,791011,778551,761108,746868,746512,743273,740033,736828,740387,752883,766768,773924,764668,747046,722127,704683,699522,704861,708421,711803,722483,736367,743664,753988,771788,791011,796351,787772,777092,762852,753988,747998,782160,812633,829000,820967,806300,783267,736147,699480,682514,697667,712333
394312,59,"Albuquerque, NM",Msa,NM,238784,240413,245170,251687,257911,261007,259345,254946,249406,247777,247614,249162,249194,252421,257374,263891,267670,270720,272252,273229,273128,273194,273031,271727,273357,279874,288020,292940,299783,312817,327493,335962,336614,336803,335914,336765,337478,339291,346410,353077,362772,367527,370827,370800,371633,381000,387667,392470
394308,60,"Albany, NY",Msa,NY,235860,239484,243467,245010,246625,248778,252725,256098,256098,255093,255129,255129,254412,254735,258287,263311,266899,268729,270846,270523,266935,263382,262306,264064,262234,263275,267617,274793,282006,290618,301383,307124,,,,287820,,,,,,,,,,,,
394938,61,"Omaha, NE",Msa,NE,278116,285980,294375,304524,309808,309842,306454,303082,300537,294199,287729,285182,288133,296626,310146,322957,329667,326688,322812,317772,311951,302340,294232,291198,293591,302434,311571,318314,322553,326902,331083,331184,326801,323832,320465,320858,321161,328287,336050,343333,343333,334667,322833,313192,308525,308525,313025,330747
394908,62,"New Haven, CT",Msa,CT,284222,290885,301036,312896,321616,327197,327511,322628,317361,313558,310070,304873,299989,301698,308638,319103,324335,324372,319105,313905,308499,305010,302919,301349,299605,299605,304803,310035,320849,331000,344953,350115,348720,341743,335534,326813,320191,317914,323233,337267,348933,355600,351567,344600,337967,336300,336600,336567
394357,63,"Bakersfield, CA",Msa,CA,248233,251142,256560,262571,266055,267317,266838,263642,258863,254068,250584,248043,246413,245134,247372,253797,260189,263705,264984,264025,262107,257600,255331,253924,255075,256689,261292,263370,264984,265144,268340,276012,284131,292122,294040,289597,283841,281349,287667,296000,307666,314833,321500,321000,321166,321853,329020,337353
394753,64,"Knoxville, TN",Msa,TN,263117,262950,266633,276633,286600,291600,289933,283300,277133,272133,268767,268000,266067,267067,270633,279233,289900,296567,301600,301600,301300,296267,289600,283233,279900,283233,289933,298267,307600,319267,332633,341667,340000,331633,316633,306600,301608,304942,314942,339933,361567,371567,361267,352633,349300,346267,342933,341300
394653,65,"Greenville, SC",Msa,SC,257242,258972,263424,269476,273450,276330,276615,276298,271501,266748,262280,259777,258224,259349,264736,272658,279328,280247,276761,270551,267227,265928,265880,264482,262929,265860,270377,273545,276556,282497,287377,289302,287210,287853,286307,282914,278681,277881,285233,301967,316100,329967,335343,342343,345643,342633,335667,329033
394952,66,"Ventura, CA",Msa,CA,779665,780998,777665,785667,779319,772652,756319,746333,726663,709963,696630,689967,688333,691333,701000,712333,725667,739300,749633,761633,774667,784333,784000,779333,781333,795000,813667,810333,805000,808000,832667,858000,869667,873250,864750,864750,,,,,,,,,,,,
394318,67,"Allentown, PA",Msa,PA,222433,222300,225000,231833,236967,239967,241967,240333,236300,231600,228267,226600,223967,225600,230600,238267,244633,248000,251300,251600,250233,246900,244767,242767,241133,243300,253300,261633,268267,269967,277967,284533,288833,289133,287863,288530,291896,306600,319966,328300,328300,324967,321633,318333,320000,321633,323300,323300
394561,68,"El Paso, TX",Msa,TX,179402,179597,179774,180377,180891,182663,184789,187270,187979,188174,188192,189432,192267,195262,197902,199834,201801,203396,203396,202651,201960,201978,203413,203410,203410,201992,201995,201623,202527,204299,207826,210360,212114,212820,,,,228483,231817,235300,241800,248130,252063,252063,251383,252300,254883,257567
394367,69,"Baton Rouge, LA",Msa,LA,230683,231600,234600,239600,244600,248263,248297,246497,244500,242833,241333,239967,239967,241519,243885,248552,253333,256000,254667,250967,247600,245570,243903,242270,240933,241600,244900,247933,249900,253233,257900,263652,267685,271318,271933,271233,269600,271267,276297,285243,293606,298576,299597,297597,296963,296993,302963,310263
394521,70,"Dayton, OH",Msa,OH,128267,126467,130167,135133,139967,144600,149633,151600,149933,146567,144100,142433,142382,143182,148182,153233,161233,167900,176233,179900,178233,172267,168100,165600,164267,166767,177633,189300,200000,204967,205600,202800,199467,202815,204915,204915,203267,205963,207663,209297,213267,219933,223300,221633,216600,207267,196967,186967
394843,71,"McAllen, TX",Msa,TX,192167,190500,190466,191633,193133,194833,194833,195000,196000,195000,193333,190633,189967,192633,195833,200833,204167,207335,207335,204669,201500,199833,199833,199967,199633,199300,199000,199000,202333,208000,215000,218667,223000,227667,231000,229667,226330,226330,231297,238300,244633,249667,253000,256663,257997,260963,260967,260967
394486,72,"Columbia, SC",Msa,SC,201567,201600,206300,214633,222933,229933,231600,230900,229200,227567,229967,231667,236000,237167,239800,243578,247078,249112,245967,241300,236600,233267,230433,228117,228150,231650,236330,241099,245266,247902,251117,253283,253283,249618,246781,245948,247963,251042,256547,263002,267461,269455,273000,276267,281771,285652,291993,297587
394648,73,"Greensboro, NC",Msa,NC,195667,198667,206667,218667,229633,234967,241233,247900,255367,257100,253767,249633,248300,251633,259933,269900,279900,281600,279480,271196,269196,266316,265300,262967,261197,260497,262663,262767,269433,277433,288267,293600,289400,281900,270600,264633,263333,262633,265516,268516,270216,268333,269967,273300,277022,275355,283355,296297
394304,74,"Akron, OH",Msa,OH,145900,144233,144933,151559,159892,168192,173233,172933,169600,164600,159900,154900,151567,151600,155633,160633,167300,173267,177633,177600,173467,169100,163300,157433,152433,152267,157267,163933,171433,178133,184500,187667,184333,179633,169967,162633,154300,153600,160167,171200,178567,182633,181600,181600,177300,172650,165983,158617
753906,75,"North Port-Sarasota-Bradenton, FL",Msa,FL,358883,359800,360967,360967,363633,365933,369267,368266,364359,360689,357356,356283,356320,357953,362633,367967,374333,378000,379333,377872,374206,372869,374330,376963,376967,375633,375000,371633,368300,368297,374660,379660,381660,381963,381963,384967,,,,,,,,,,,,
394798,76,"Little Rock, AR",Msa,AR,168055,170502,172154,174571,176742,178272,177997,176437,174907,175060,175090,175090,174295,174907,177691,181698,188733,193628,197298,197298,195738,194209,191915,191027,190110,190875,194545,198522,203110,204915,206138,204609,204640,205377,209159,211411,213821,214410,219967,224933,229767,231433,233133,233267,231300,229600,227967,226633
395134,77,"Stockton, CA",Msa,CA,363732,365608,364050,365640,366610,372969,374559,373621,370441,367071,365163,363573,360568,359296,362158,374893,390474,403193,411142,417088,418996,417335,416445,417876,416357,414795,414922,416512,417788,423861,434672,447391,453115,455023,452161,454225,458020,471571,477500,489317,492983,516317,536000,552667,552967,548967,548950,548983
394457,78,"Charleston, SC",Msa,SC,363705,366435,370984,377201,382053,384054,383933,379384,372861,366818,363027,359998,358610,362401,371499,380597,385146,386662,384540,378474,370862,365373,363705,363357,363084,364752,371166,375078,382629,387815,396337,401291,404900,408130,411132,414997,419997,430000,441330,456297,474297,489633,491333,475393,453727,445115,444688,449688
395143,79,"Syracuse, NY",Msa,NY,133849,135048,138556,144374,147561,149023,150222,151421,151450,150251,149052,148731,148731,150193,153409,159256,165104,170535,171997,170418,167647,164724,163379,162209,162794,165718,170074,177998,185307,192616,195832,197258,197288,198137,195718,193233,188267,191600,199963,213263,223263,227933,225467,213800,200767,191567,186567,183233
394484,80,"Colorado Springs, CO",Msa,CO,478758,476946,472418,468795,466947,454231,438291,421626,412605,408982,407569,407569,414245,423266,437757,445572,454629,460063,470896,472708,472671,467237,469048,467440,465665,462585,468903,477598,486148,488720,492706,492705,487271,477055,471584,471295,,,,,,,,,,,,
395235,81,"Winston-Salem, NC",Msa,NC,209967,211633,213333,216633,218267,221600,231300,242667,250967,250933,247600,245633,245633,249267,256233,264933,275267,281933,284933,282967,281333,280197,279430,277730,275867,279933,284963,287297,290597,295933,305233,306649,303818,297151,290602,284710,281577,280077,281767,283933,286448,287296,286596,284181,290429,302603,314869,321273
395224,82,"Wichita, KS",Msa,KS,176600,182917,191250,201250,206567,208267,206300,202967,200633,198183,193883,190383,189833,194133,202267,210600,218982,223898,223565,220217,216333,215000,213300,208267,203050,201417,209617,219767,234583,248750,261350,264677,,,,228981,228130,234763,243097,247633,242030,232030,223530,217500,213470,214304,220637,229333
395115,83,"Springfield, MA",Msa,MA,240890,240917,245612,254940,263962,268595,268595,264242,257743,251524,246860,242196,239086,237811,242755,252115,265516,274845,278234,277923,276089,273943,267538,262376,259546,263153,271735,283893,296611,308271,317880,324099,323290,321124,317290,310100,301800,301833,316633,339633,351267,352967,344933,338267,331600,321300,311333,305633
394440,84,"Fort Myers, FL",Msa,FL,248437,248464,248464,249265,249238,249210,248382,248134,247885,247882,247882,246778,245842,245842,246946,247637,247637,247637,247361,246256,245124,245400,246753,250370,253407,258928,263594,264698,264726,265857,269998,271931,270827,270827,270965,270965,,,,,,,,,,,,
394399,85,"Boise City, ID",Msa,ID,326267,342933,348233,354600,356600,361633,360267,354963,351627,348327,344997,341633,341297,345960,355660,369297,381300,388267,388300,384933,380210,374377,370743,368800,372628,379475,388400,393735,397189,403263,413260,421593,426593,431567,444200,454230,462593,470657,485593,508927,532430,553463,561100,556933,547300,543000,544633,554933
395160,86,"Toledo, OH",Msa,OH,126933,125933,130383,137050,144717,148267,149900,147767,145467,143133,141933,140900,139900,139933,146633,158299,173299,181633,183300,179133,172467,167333,163133,161433,159867,159867,161533,166567,178267,189933,199933,208233,208266,206600,193266,184900,178233,183867,188067,188067,184100,181567,181567,176267,168717,159750,153383,147600
394816,87,"Madison, WI",Msa,WI,300590,307765,317333,324167,326934,327618,327618,324508,319383,312583,309166,309166,314257,324508,336468,343301,346582,346274,344600,341320,336536,334793,333085,333051,334759,340773,349315,356149,360386,363496,363496,360079,351878,347285,345768,351267,358733,365733,369067,369933,372933,374633,376300,372067,368733,367033,369900,376533
394766,88,"Lakeland, FL",Msa,FL,230099,230478,232201,235646,237369,237748,237918,237884,236471,234544,232476,232132,232132,232507,232542,233955,237059,239816,241504,240987,240248,238905,238009,237710,237710,239468,241435,242469,242331,242400,244808,247575,250711,252661,254041,255992,257984,260483,265613,275647,288133,299633,306267,310557,314857,320557,326267,330967
394931,89,"Ogden, UT",Msa,UT,341752,350435,364384,377636,384576,387784,388446,385726,380740,374811,372370,373416,379380,387749,396851,405569,409056,405918,400303,395421,389144,379031,371847,371146,380248,391407,400129,401489,406057,416519,432212,439326,442778,443937,450341,457833,,,,,,,,,,,,
394528,90,"Daytona Beach, FL",Msa,FL,269600,270600,272267,275567,280433,285133,288467,287600,284567,280767,277433,275633,274767,274800,276630,280797,285630,288306,287473,284273,280763,277860,276893,277396,278333,281000,283833,284133,282466,281600,284705,287705,289443,289705,291338,291577,293527,297227,303867,314917,324884,335687,341021,345721,348000,352667,356000,357330
394531,91,"Des Moines, IA",Msa,IA,281600,285950,292283,297283,299600,299900,299900,297567,294233,290900,289100,287433,285800,286300,288833,292133,293600,293600,291105,286605,280772,273300,266830,261830,261830,265997,271170,275170,277874,281667,284333,283933,281225,277192,274058,272303,273670,277928,283425,291925,302167,312167,319767,321433,319763,317330,318997,323967
395006,100,"Provo, UT",Msa,UT,392192,399795,410495,415723,411864,404812,401163,400328,398574,395206,389374,385901,385585,389627,397326,402554,404968,404286,406075,408356,409724,407584,404110,402742,404321,411338,421415,426325,431588,437265,452563,467649,480631,488139,497612,507471,518801,523638,516633,516667,524667,542750,551083,554050,552600,552267,551298,565157
394549,104,"Durham, NC",Msa,NC,364530,369109,377908,386163,389995,387217,382333,373921,369037,366259,365954,365679,365404,370899,380363,389826,395015,394405,391352,384026,375478,366320,361741,361711,368396,379080,392848,398068,400174,401701,410553,420047,424626,427453,427224,426328,425356,428529,439642,464642,484833,497667,489333,482820,477726,479359,481539,479967
394602,159,"Fort Collins, CO",Msa,CO,433781,436624,438667,440358,444364,448297,446666,442911,436369,433107,429845,427562,425931,426984,429917,432347,435902,437830,436998,432106,427245,425647,426332,426332,430073,436261,446957,452936,455882,458805,463111,466340,462507,456739,453554,454533,,,,,,,,,,,,
